PLAYER,TEAM,AGE,HEIGHT,WEIGHT,COLLEGE,COUNTRY,DRAFT YEAR,DRAFT ROUND,DRAFT NUMBER,GP,PTS,REB,AST,NETRTG,OREB%,DREB%,USG%,TS%,AST%
Boban Marjanovic,PHI,30,7-3,290,None,Serbia,Undrafted,Undrafted,Undrafted,58,7.3,4.6,0.9,0.1,12.40%,23.20%,22.20%,66.40%,12.80%
Salah Mejri,DAL,33,7-2,235,None,Tunisia,Undrafted,Undrafted,Undrafted,36,3.9,3.6,1,-4.4,8.10%,21.60%,15.30%,55.90%,13.70%
Alex Len,ATL,26,7-1,250,Maryland,Ukraine,2013,1,5,77,11.1,5.5,1.1,-4.4,9.00%,15.90%,21.40%,57.50%,8.60%
Deandre Ayton,PHX,20,7-1,250,Arizona,Bahamas,2018,1,1,71,16.3,10.3,1.8,-8.1,10.10%,24.00%,21.00%,60.80%,9.40%
Dragan Bender,PHX,21,7-1,225,None,Croatia,2016,1,4,46,5,4,1.2,-8.1,4.00%,16.80%,13.00%,52.10%,9.40%
Ivica Zubac,LAC,22,7-1,240,None,Croatia,2016,2,32,59,8.9,6.1,1.1,1.8,10.80%,21.60%,19.90%,60.40%,9.30%
Luke Kornet,NYK,23,7-1,250,Vanderbilt,USA,Undrafted,Undrafted,Undrafted,46,7,2.9,1.2,-3.5,3.30%,12.30%,17.80%,53.10%,10.80%
Marc Gasol,TOR,34,7-1,255,None,Spain,2007,2,48,79,13.6,7.9,4.4,3.5,3.40%,22.70%,21.00%,54.60%,22.20%
Meyers Leonard,POR,27,7-1,255,Illinois,USA,2012,1,11,61,5.9,3.8,1.2,-3.7,5.50%,20.60%,14.90%,67.50%,12.30%
Mitchell Robinson,NYK,21,7-1,240,Western Kentucky,USA,2018,2,36,66,7.3,6.4,0.6,-6.2,12.20%,16.60%,11.90%,69.20%,4.20%
Rudy Gobert,UTA,27,7-1,245,None,France,2013,1,27,81,15.9,12.9,2,6.9,11.70%,27.00%,17.50%,68.20%,9.50%
Thon Maker,DET,22,7-1,221,None,South Sudan,2016,1,10,64,5,3.2,0.7,0.9,3.90%,14.90%,14.80%,53.00%,6.60%
Tyson Chandler,LAL,36,7-1,240,None,USA,2001,1,2,55,3.1,5.6,0.7,-1.9,9.40%,21.30%,8.40%,63.00%,5.70%
Zhou Qi,HOU,23,7-1,210,None,China,2016,2,43,1,2,0,0,-66.7,0.00%,0.00%,33.30%,100%,0.00%
Andrew Bogut,GSW,34,7-0,260,Utah,Australia,2005,1,1,11,3.5,5,1,3.9,10.00%,29.70%,14.80%,52.30%,10.40%
Brook Lopez,MIL,31,7-0,270,Stanford,USA,2008,1,10,81,12.5,4.9,1.2,11.5,1.40%,13.50%,16.50%,59.70%,5.50%
Channing Frye,CLE,36,7-0,255,Arizona,USA,2005,1,8,36,3.6,1.4,0.6,-22.6,1.00%,15.80%,17.40%,52.40%,10.00%
Cody Zeller,CHA,26,7-0,240,Indiana,USA,2013,1,4,49,10.1,6.8,2.1,1.4,8.40%,17.10%,15.90%,61.10%,11.40%
Damian Jones,GSW,24,7-0,245,Vanderbilt,USA,2016,1,30,24,5.4,3.1,1.2,3,8.60%,9.90%,11.30%,72.00%,8.40%
Dewayne Dedmon,ATL,29,7-0,245,Southern California,USA,Undrafted,Undrafted,Undrafted,64,10.8,7.5,1.4,-4.1,6.30%,22.90%,16.60%,60.20%,7.90%
Dirk Nowitzki,DAL,41,7-0,245,None,Germany,1998,1,9,51,7.3,3.1,0.7,-4.8,0.60%,18.00%,21.70%,46.90%,6.80%
Donatas Motiejunas,SAS,28,7-0,220,None,Lithuania,2011,1,20,3,2,1,0.3,-61.8,15.40%,7.70%,32.30%,43.60%,20.00%
Frank Kaminsky,CHA,26,7-0,242,Wisconsin,USA,2015,1,9,47,8.6,3.5,1.3,0.9,4.80%,16.40%,21.60%,58.70%,12.90%
Hassan Whiteside,MIA,30,7-0,265,Marshall,USA,2010,2,33,72,12.3,11.3,0.8,0.7,13.90%,30.50%,21.50%,56.40%,5.40%
Isaac Humphries,ATL,21,7-0,260,Kentucky,Australia,2017,,,5,3,2.2,0,-17.1,5.50%,12.30%,14.20%,35.70%,0.00%
Isaiah Hartenstein,HOU,21,7-0,249,None,Germany,2017,2,43,28,1.9,1.7,0.5,9.6,8.90%,11.80%,11.20%,56.20%,10.00%
JaVale McGee,LAL,31,7-0,270,Nevada-Reno,USA,2008,1,18,75,12,7.5,0.7,-4.4,11.20%,20.30%,19.70%,63.40%,4.50%
Jakob Poeltl,SAS,23,7-0,230,Utah,Austria,2016,1,9,77,5.5,5.3,1.2,3.9,13.60%,17.10%,12.50%,64.00%,9.90%
Jason Smith,NOP,33,7-0,240,Colorado State,USA,2007,1,20,20,3.3,2.6,0.7,-12.1,7.70%,17.40%,16.90%,49.20%,11.20%
Joel Embiid,PHI,25,7-0,250,Kansas,Cameroon,2014,1,3,64,27.5,13.6,3.7,7.6,7.50%,29.20%,32.70%,59.30%,18.50%
Jonas Valanciunas,MEM,27,7-0,265,None,Lithuania,2011,1,5,49,15.6,8.6,1.4,2.7,9.60%,26.80%,27.40%,61.60%,10.90%
Justin Patton,PHI,22,7-0,241,Creighton,USA,2017,1,16,3,1.7,2,1,-12.9,6.50%,17.40%,14.00%,31.70%,25.00%
Jusuf Nurkic,POR,24,7-0,275,None,Bosnia and He...,2014,1,16,72,15.6,10.4,3.2,10.5,11.90%,24.10%,24.10%,57.00%,16.80%
Karl-Anthony Towns,MIN,23,7-0,248,Kentucky,USA,2015,1,1,77,24.4,12.4,3.4,0.9,9.70%,25.70%,28.00%,62.20%,16.90%
Kelly Olynyk,MIA,28,7-0,240,Gonzaga,Canada,2013,1,13,79,10,4.7,1.8,1.9,3.80%,16.00%,17.50%,61.00%,11.30%
Kosta Koufos,SAC,30,7-0,245,Ohio State,USA,2008,1,23,42,3.7,4.2,0.9,-1.3,8.80%,22.90%,15.00%,47.70%,9.90%
Lauri Markkanen,CHI,22,7-0,240,Arizona,Finland,2017,1,7,52,18.7,9,1.4,-5.5,4.30%,23.40%,24.50%,55.30%,7.00%
Mo Bamba,ORL,21,7-0,221,Texas-Austin,USA,2018,1,6,47,6.2,5,0.8,-14.9,7.40%,21.30%,17.40%,53.90%,8.60%
Nikola Jokic,DEN,24,7-0,250,None,Serbia,2014,2,41,80,20.1,10.8,7.3,5.8,8.90%,24.90%,27.10%,58.90%,36.10%
Nikola Vucevic,ORL,28,7-0,260,Southern California,Montenegro,2011,1,16,80,20.8,12,3.8,4,8.80%,28.60%,27.60%,57.30%,20.80%
Pau Gasol,MIL,38,7-0,250,None,Spain,2001,1,3,30,3.9,4.6,1.7,-6.2,5.80%,30.40%,15.10%,52.90%,20.90%
Robin Lopez,CHI,31,7-0,275,Stanford,USA,2008,1,15,74,9.5,3.9,1.2,-4.4,8.50%,8.50%,18.30%,59.80%,8.40%
Steven Adams,OKC,25,7-0,265,Pittsburgh,New Zealand,2013,1,12,80,13.9,9.5,1.6,6.7,12.90%,13.30%,16.00%,59.10%,6.30%
Thomas Welsh,DEN,23,7-0,255,UCLA,USA,2018,2,58,11,1.6,0.4,0.5,2.3,0.00%,11.40%,15.30%,64.80%,20.00%
Tyler Zeller,MEM,29,7-0,253,North Carolina,USA,2012,1,17,6,7.7,4,0.7,6.7,10.50%,12.30%,19.10%,60.70%,6.90%
Willie Cauley-Stein,SAC,25,7-0,240,Kentucky,USA,2015,1,6,81,11.9,8.4,2.4,1.2,7.40%,21.30%,17.30%,56.60%,12.10%
Zach Collins,POR,21,7-0,235,Gonzaga,USA,2017,1,10,77,6.6,4.2,0.9,0.1,7.80%,14.40%,16.60%,56.20%,7.60%
Andre Drummond,DET,25,6-11,279,Connecticut,USA,2012,1,9,79,17.3,15.6,1.4,3.3,15.10%,31.10%,22.60%,55.50%,6.80%
Ante Zizic,CLE,22,6-11,254,None,Croatia,2016,1,23,59,7.8,5.4,0.9,-3.9,9.70%,19.30%,17.80%,59.00%,7.50%
Bobby Portis,WAS,24,6-11,250,Arkansas,USA,2015,1,22,50,14.2,8.1,1.4,-4.4,8.30%,22.60%,24.10%,52.90%,8.50%
DeAndre Jordan,NYK,30,6-11,265,Texas A&M,USA,2008,2,35,69,11,13.1,2.3,-5.1,10.50%,31.50%,14.80%,67.40%,11.90%
DeMarcus Cousins,GSW,28,6-11,270,Kentucky,USA,2010,1,5,30,16.3,8.2,3.6,4.5,5.90%,23.20%,28.10%,56.20%,20.60%
Deyonta Davis,ATL,22,6-11,237,Michigan State,USA,2016,2,31,9,4,4,0.6,-9.8,6.30%,19.30%,9.90%,68.20%,6.30%
Domantas Sabonis,IND,23,6-11,240,Gonzaga,Lithuania,2016,1,11,74,14.1,9.3,2.9,5.2,9.90%,26.90%,22.60%,63.00%,18.00%
Dwight Howard,WAS,33,6-11,265,None,USA,2004,1,1,9,12.8,9.2,0.4,-8.9,10.00%,25.80%,19.30%,63.80%,2.60%
Dwight Powell,DAL,27,6-11,240,Stanford,Canada,2014,2,45,77,10.6,5.3,1.5,0.9,8.10%,16.00%,16.70%,68.20%,10.10%
Enes Freedom,POR,27,6-11,250,None,Turkey,2011,1,3,67,13.7,9.8,1.7,-6.2,13.80%,24.50%,21.90%,59.40%,12.00%
Giannis Antetokounmpo,MIL,24,6-11,242,None,Greece,2013,1,15,72,27.7,12.5,5.9,12.5,6.60%,27.30%,31.40%,64.40%,29.40%
Gorgui Dieng,MIN,29,6-11,252,Louisville,Senegal,2013,1,21,76,6.4,4.1,0.9,-3.8,7.20%,22.50%,19.40%,57.20%,10.60%
Greg Monroe,PHI,29,6-11,265,Georgetown,USA,2010,1,7,43,5.3,4,0.6,-6.6,11.90%,21.80%,21.10%,52.10%,7.90%
Henry Ellenson,NYK,22,6-11,245,Marquette,USA,2016,1,18,19,6,3.5,0.8,-0.7,1.80%,21.40%,18.60%,53.80%,9.60%
Ian Mahinmi,WAS,32,6-11,262,None,France,2005,1,28,34,4.1,3.8,0.7,-3.2,8.80%,16.10%,12.80%,53.10%,7.30%
Jahlil Okafor,NOP,23,6-11,275,Duke,USA,2015,1,3,59,8.2,4.7,0.7,-5.5,8.40%,19.60%,19.80%,60.30%,6.40%
Jaren Jackson Jr.,MEM,19,6-11,242,Michigan State,USA,2018,1,4,58,13.8,4.7,1.1,-2.3,4.90%,13.20%,23.10%,59.10%,7.40%
Jarrett Allen,BKN,21,6-11,237,Texas-Austin,USA,2017,1,22,80,10.9,8.4,1.4,-2.4,8.80%,20.80%,15.80%,63.20%,7.60%
Joakim Noah,MEM,34,6-11,230,Florida,USA,2007,1,9,42,7.1,5.7,2.1,1.8,7.80%,24.70%,19.10%,57.10%,20.20%
John Henson,CLE,28,6-11,219,North Carolina,USA,2012,1,14,14,5.6,5.1,1,1.7,7.40%,23.30%,17.30%,55.30%,10.80%
LaMarcus Aldridge,SAS,33,6-11,260,Texas-Austin,USA,2006,1,2,81,21.3,9.2,2.4,1.5,9.60%,18.00%,26.80%,57.60%,11.50%
Marcin Gortat,LAC,35,6-11,240,None,Poland,2005,2,57,47,5,5.6,1.4,-6.5,8.90%,25.30%,14.80%,56.20%,12.30%
Marvin Bagley III,SAC,20,6-11,234,Duke,USA,2018,1,2,62,14.9,7.6,1,-3.2,9.20%,18.00%,23.70%,56.20%,6.00%
Mason Plumlee,DEN,29,6-11,235,Duke,USA,2013,1,22,82,7.8,6.4,3,3.2,9.10%,19.80%,15.90%,60.20%,19.90%
Maxi Kleber,DAL,27,6-11,240,None,Germany,Undrafted,Undrafted,Undrafted,71,6.8,4.6,1,2.7,5.70%,14.90%,13.20%,57.90%,6.80%
Mike Muscala,LAL,27,6-11,240,Bucknell,USA,2013,2,44,64,7,3.8,1.2,1,4.10%,13.30%,13.80%,56.40%,8.10%
Miles Plumlee,ATL,30,6-11,249,Duke,USA,2012,1,26,18,4.4,2.2,0.9,-10.2,8.50%,14.10%,16.60%,65.40%,15.50%
Moritz Wagner,LAL,22,6-11,245,Michigan,Germany,2018,1,25,43,4.8,2,0.6,-9.8,3.50%,14.20%,21.00%,53.30%,8.40%
Myles Turner,IND,23,6-11,250,Texas-Austin,USA,2015,1,11,74,13.3,7.2,1.6,2.8,4.80%,19.50%,19.90%,56.70%,8.30%
Nene,HOU,36,6-11,250,None,Brazil,2002,1,7,42,3.6,2.9,0.6,9.2,5.80%,15.20%,11.40%,55.20%,7.00%
Nerlens Noel,OKC,25,6-11,220,Kentucky,USA,2013,1,6,77,4.9,4.2,0.6,-2.6,10.50%,17.60%,13.70%,60.80%,6.70%
Skal Labissiere,POR,23,6-11,235,Kentucky,Haiti,2016,1,28,22,3,2,0.5,-8.3,5.10%,18.50%,15.40%,59.30%,7.80%
Thomas Bryant,WAS,21,6-11,248,Indiana,USA,2017,2,42,72,10.5,6.3,1.3,-3.6,7.20%,21.90%,17.00%,67.40%,9.00%
Willy Hernangomez,CHA,25,6-11,240,None,Spain,2015,2,35,58,7.3,5.4,1,-6.2,13.00%,24.00%,20.60%,58.70%,11.20%
Zaza Pachulia,DET,35,6-11,270,None,Georgia,2003,2,42,68,3.9,3.9,1.3,-4.6,10.10%,18.40%,14.70%,53.90%,16.10%
Al Horford,BOS,33,6-10,245,Florida,Dominican Rep...,2007,1,3,68,13.6,6.7,4.2,6.1,6.20%,16.10%,18.80%,60.50%,20.30%
Angel Delgado,LAC,24,6-10,245,Seton Hall,Dominican Rep...,2018,,,2,1.5,2,0,7,8.30%,14.30%,15.00%,25.50%,0.00%
Anthony Davis,NOP,26,6-10,253,Kentucky,USA,2012,1,1,56,25.9,12,3.9,3.4,8.90%,24.90%,28.80%,59.70%,18.60%
Aron Baynes,BOS,32,6-10,260,Washington State,Australia,Undrafted,Undrafted,Undrafted,51,5.6,4.7,1.1,7.7,10.30%,17.50%,14.70%,56.70%,9.20%
Bam Adebayo,MIA,21,6-10,255,Kentucky,USA,2017,1,14,82,8.9,7.3,2.2,0.5,8.30%,22.10%,15.70%,62.30%,14.60%
Ben Simmons,PHI,22,6-10,230,Louisiana State,Australia,2016,1,1,79,16.9,8.8,7.7,2.4,6.20%,17.90%,21.50%,58.20%,34.10%
Blake Griffin,DET,30,6-10,250,Oklahoma,USA,2009,1,1,75,24.5,7.5,5.4,0.5,3.60%,18.20%,29.60%,58.10%,26.80%
Chandler Parsons,MEM,30,6-10,230,Florida,USA,2011,2,38,25,7.5,2.8,1.7,-5.4,0.70%,12.60%,19.20%,48.40%,14.30%
Chimezie Metu,SAS,22,6-10,225,Southern California,USA,2018,2,49,29,1.8,1.2,0.4,-1.3,6.10%,17.90%,22.30%,38.90%,14.00%
Chris Boucher,TOR,26,6-10,200,Oregon,Saint Lucia,Undrafted,Undrafted,Undrafted,28,3.3,2,0.1,-4.2,8.60%,20.90%,21.40%,56.30%,2.00%
Christian Wood,NOP,23,6-10,214,UNLV,USA,Undrafted,Undrafted,Undrafted,21,8.2,4,0.4,-9.4,6.10%,23.10%,24.70%,60.70%,5.10%
Clint Capela,HOU,25,6-10,240,None,Switzerland,2014,1,25,67,16.6,12.7,1.4,5.4,13.00%,24.10%,18.00%,65.80%,7.00%
Cristiano Felicio,CHI,26,6-10,265,None,Brazil,Undrafted,Undrafted,Undrafted,60,4,3.6,0.6,-8,10.10%,18.70%,13.80%,56.80%,7.00%
D.J. Wilson,MIL,23,6-10,231,Michigan,USA,2017,1,17,48,5.8,4.6,1.1,4.9,4.70%,17.40%,14.10%,51.50%,8.00%
Danilo Gallinari,LAC,30,6-10,225,None,Italy,2008,1,6,68,19.8,6.1,2.6,2.3,2.70%,17.10%,23.70%,63.30%,13.40%
Dario Saric,MIN,25,6-10,223,None,Croatia,2014,1,12,81,10.6,5.6,1.6,-2,5.80%,15.30%,17.20%,56.30%,8.90%
Davis Bertans,SAS,26,6-10,225,None,Latvia,2011,2,42,76,8,3.5,1.3,7.6,1.50%,13.90%,13.50%,63.20%,7.90%
Derrick Favors,UTA,27,6-10,265,Georgia Tech,USA,2010,1,3,76,11.8,7.4,1.2,4.6,11.50%,18.80%,18.80%,62.40%,7.90%
Drew Eubanks,SAS,22,6-10,245,Oregon State,USA,Undrafted,Undrafted,Undrafted,23,1.8,1.5,0.3,-10,5.60%,21.40%,14.80%,64.60%,10.00%
Ed Davis,BKN,30,6-10,225,North Carolina,USA,2010,1,13,81,5.8,8.6,0.8,4.3,13.50%,30.70%,12.50%,63.20%,6.40%
Ekpe Udoh,UTA,32,6-10,245,Baylor,USA,2010,1,6,51,2.3,1.8,0.5,-7.7,9.00%,18.90%,12.80%,69.80%,13.10%
Eric Moreland,TOR,27,6-10,238,Oregon State,USA,Undrafted,Undrafted,Undrafted,5,1.4,4,0.8,-21.9,10.80%,34.80%,11.70%,50.00%,15.40%
Ersan Ilyasova,MIL,32,6-10,235,None,Turkey,2005,2,36,67,6.8,4.5,0.8,9.7,7.10%,15.10%,15.10%,54.80%,5.60%
Harry Giles III,SAC,21,6-10,240,Duke,USA,2017,1,20,58,7,3.8,1.5,-5,7.60%,17.10%,22.70%,52.60%,15.50%
Ike Anigbogu,IND,20,6-10,250,UCLA,USA,2017,2,47,3,0,1,0.3,-14.3,14.30%,25.00%,26.70%,0.00%,20.00%
Ivan Rabb,MEM,22,6-10,220,"University of California, Berkeley",USA,2017,2,35,49,5.8,4.2,1.1,-6.2,9.70%,19.70%,16.60%,58.60%,12.30%
Jarell Martin,ORL,25,6-10,239,Louisiana State,USA,2015,1,25,42,2.7,1.7,0.4,4.4,3.10%,18.50%,15.30%,52.80%,7.80%
John Collins,ATL,21,6-10,235,Wake Forest,USA,2017,1,19,61,19.5,9.8,2,-1.4,11.20%,19.60%,23.00%,62.70%,10.20%
Johnathan Motley,LAC,24,6-10,230,Baylor,USA,Undrafted,Undrafted,Undrafted,22,4.6,2.3,0.5,-8.9,10.40%,21.30%,26.60%,56.30%,12.90%
Jon Leuer,DET,30,6-10,228,Wisconsin,USA,2011,2,40,41,3.8,2.4,0.3,-13.3,6.20%,18.20%,15.70%,61.60%,6.00%
Jonah Bolden,PHI,23,6-10,220,UCLA,Australia,2017,2,36,44,4.7,3.8,0.9,-1.8,6.70%,17.30%,13.10%,59.50%,8.50%
Jonas Jerebko,GSW,32,6-10,231,None,Sweden,2009,2,39,73,6.3,3.9,1.3,1.5,5.50%,16.80%,14.40%,58.80%,10.60%
Jonathan Isaac,ORL,21,6-10,210,Florida State,USA,2017,1,6,75,9.6,5.5,1.1,1,4.80%,15.20%,16.00%,53.70%,5.50%
Kevin Love,CLE,30,6-10,251,UCLA,USA,2008,1,5,22,17,10.9,2.2,-4.2,5.10%,34.40%,25.90%,56.10%,12.50%
Kostas Antetokounmpo,DAL,21,6-10,200,Dayton,Greece,2018,2,60,2,1,0.5,0,17.6,0.00%,11.10%,24.00%,21.00%,0.00%
Kyle O'Quinn,IND,29,6-10,250,Norfolk State,USA,2012,2,49,45,3.5,2.6,1.2,-0.3,7.80%,21.60%,19.60%,53.70%,20.40%
Markieff Morris,OKC,29,6-10,245,Kansas,USA,2011,1,13,58,9.4,4.6,1.4,-5.9,4.50%,16.10%,19.10%,52.10%,9.20%
Marquese Chriss,CLE,21,6-10,240,Washington,USA,2016,1,8,43,4.2,3.3,0.5,-17.2,7.20%,21.60%,19.60%,45.50%,6.90%
Nemanja Bjelica,SAC,31,6-10,234,None,Serbia,2010,2,35,77,9.6,5.8,1.9,2.7,6.50%,17.10%,16.20%,58.50%,10.70%
Nikola Mirotic,MIL,28,6-10,250,None,Montenegro,2011,1,23,46,15.2,7.4,1.2,3.7,4.50%,19.80%,20.60%,58.40%,6.10%
Ray Spalding,PHX,22,6-10,215,Louisville,USA,2018,2,56,14,3.9,3.4,0.4,-6.8,9.10%,19.00%,16.40%,51.60%,5.20%
Richaun Holmes,PHX,25,6-10,235,Bowling Green,USA,2015,2,37,70,8.2,4.7,0.9,-5.4,9.50%,17.30%,17.40%,64.70%,8.20%
Robert Williams III,BOS,21,6-10,240,Texas A&M,USA,2018,1,27,32,2.5,2.5,0.2,-5.9,8.60%,16.40%,10.10%,70.30%,4.00%
Ryan Anderson,MIA,31,6-10,240,California,USA,2008,1,21,25,2.5,2.2,0.8,-12.8,5.50%,11.20%,12.00%,41.40%,8.80%
Serge Ibaka,TOR,29,6-10,235,None,Republic of t...,2008,1,24,74,15,8.1,1.3,6.2,7.80%,20.40%,22.70%,58.20%,7.60%
T.J. Leaf,IND,22,6-10,225,UCLA,USA,2017,1,18,58,3.9,2.2,0.4,3.6,7.70%,14.50%,15.80%,57.20%,6.30%
Tony Bradley,UTA,21,6-10,248,North Carolina,USA,2017,1,28,3,5.7,5,0.3,-18.9,19.60%,18.80%,20.00%,50.40%,4.20%
Trey Lyles,DEN,23,6-10,234,Kentucky,Canada,2015,1,12,64,8.5,3.8,1.4,0,3.60%,17.20%,22.90%,50.00%,11.60%
Tristan Thompson,CLE,28,6-10,238,Texas-Austin,Canada,2011,1,4,43,10.9,10.2,2,-12.3,13.70%,23.70%,17.50%,55.10%,11.00%
Tyler Davis,OKC,22,6-10,266,Texas A&M,USA,Undrafted,Undrafted,Undrafted,1,0,1,0,0,50.00%,0.00%,33.30%,0.00%,0.00%
Tyler Lydon,DEN,23,6-10,225,Syracuse,USA,2017,1,24,25,0.9,0.7,0.2,-8.3,6.20%,13.30%,9.70%,59.50%,8.70%
Wendell Carter Jr.,CHI,20,6-10,255,Duke,USA,2018,1,7,44,10.3,7,1.8,-11.7,7.50%,19.80%,19.20%,54.10%,11.80%
Aaron Gordon,ORL,23,6-9,220,Arizona,USA,2014,1,4,78,16,7.4,3.7,1.5,4.70%,16.50%,21.30%,53.80%,16.60%
Al-Farouq Aminu,POR,28,6-9,220,Wake Forest,USA,2010,1,8,81,9.4,7.5,1.3,8.2,4.80%,20.40%,13.40%,56.80%,5.70%
Alex Poythress,ATL,25,6-9,235,Kentucky,USA,Undrafted,Undrafted,Undrafted,21,5.1,3.6,0.8,-10,8.50%,15.10%,14.00%,57.10%,8.50%
Alize Johnson,IND,23,6-9,212,Missouri State,USA,2018,2,50,14,0.9,1.4,0.1,-1.6,5.10%,19.20%,11.60%,33.30%,1.80%
Amile Jefferson,ORL,26,6-9,222,Duke,USA,2017,,,12,2.3,1.8,0.3,8.8,8.20%,25.00%,12.50%,69.20%,5.20%
Amir Johnson,PHI,32,6-9,240,No College,USA,2005,2,56,51,3.9,2.9,1.2,-5,8.40%,18.50%,16.90%,57.40%,15.60%
Bismack Biyombo,CHA,26,6-9,255,None,DRC,2011,1,7,54,4.4,4.6,0.6,-7.7,9.90%,20.50%,12.80%,60.20%,6.40%
Brandon Ingram,LAL,21,6-9,190,Duke,USA,2016,1,2,52,18.3,5.1,3,-1.5,2.20%,11.30%,22.70%,55.50%,12.70%
Bruno Caboclo,MEM,23,6-9,218,None,Brazil,2014,1,20,34,8.3,4.6,1.5,0.9,5.00%,13.70%,15.00%,57.10%,9.10%
Caleb Swanigan,SAC,22,6-9,250,Purdue,USA,2017,1,26,21,2,3,0.5,-16.8,8.10%,23.60%,17.00%,37.70%,9.80%
Cheick Diallo,NOP,22,6-9,220,Kansas,Mali,2016,2,33,64,6,5.2,0.5,-4.7,7.90%,26.00%,15.50%,64.40%,5.10%
Corey Brewer,SAC,33,6-9,186,Florida,USA,2007,1,7,31,4.9,2.5,1.3,0,4.50%,9.80%,13.00%,53.20%,10.70%
Dzanan Musa,BKN,20,6-9,208,None,Bosnia and He...,2018,1,29,9,2.1,0.6,0.2,10.6,1.90%,10.50%,25.00%,41.50%,8.30%
Emanuel Terry,MIA,22,6-9,220,Lincoln Memorial,USA,Undrafted,Undrafted,Undrafted,3,3.3,2.3,0.7,5.6,14.30%,23.50%,18.30%,57.10%,12.50%
Isaiah Hicks,NYK,24,6-9,230,North Carolina,USA,Undrafted,Undrafted,Undrafted,3,4,2.3,0.7,-4.5,5.90%,14.70%,15.30%,58.80%,11.80%
JaKarr Sampson,CHI,26,6-9,215,"St. John's, N.Y.",USA,Undrafted,Undrafted,Undrafted,4,20,8,1,-2.3,3.70%,19.60%,23.40%,63.30%,5.20%
JaMychal Green,LAC,29,6-9,227,Alabama,USA,Undrafted,Undrafted,Undrafted,65,9.4,6.3,0.8,-5.8,7.10%,21.80%,18.50%,58.70%,5.80%
Jake Layman,POR,25,6-9,215,Maryland,USA,2016,2,47,71,7.6,3.1,0.7,2,4.10%,11.50%,15.60%,59.40%,5.60%
Jarred Vanderbilt,DEN,20,6-9,214,Kentucky,USA,2018,2,41,17,1.4,1.4,0.2,4.5,8.40%,20.50%,17.90%,51.30%,6.40%
Jeff Green,WAS,32,6-9,235,Georgetown,USA,2007,1,5,77,12.3,4,1.8,-1.9,2.70%,11.70%,17.40%,60.80%,9.30%
Jerami Grant,OKC,25,6-9,220,Syracuse,USA,2014,2,39,80,13.6,5.2,1,5.4,3.20%,11.80%,15.00%,59.20%,4.00%
Johnathan Williams,LAL,24,6-9,228,Gonzaga,USA,Undrafted,Undrafted,Undrafted,24,6.5,4.1,0.5,7.6,11.60%,13.00%,15.80%,59.90%,5.10%
Jordan Bell,GSW,24,6-9,224,Oregon,USA,2017,2,38,68,3.3,2.7,1.1,-5.4,6.80%,15.40%,13.30%,53.10%,13.40%
Juancho Hernangomez,DEN,23,6-9,230,None,Spain,2016,1,15,70,5.8,3.8,0.8,1.3,4.40%,14.40%,11.90%,58.00%,5.40%
Julius Randle,NOP,24,6-9,250,Kentucky,USA,2014,1,7,73,21.4,8.7,3.1,-0.2,6.90%,19.80%,27.30%,60.00%,15.80%
Keita Bates-Diop,MIN,23,6-9,229,Ohio State,USA,2018,2,48,30,5,2.8,0.6,-5.1,2.90%,12.90%,14.00%,48.90%,4.70%
Kevin Durant,GSW,30,6-9,240,Texas-Austin,USA,2007,1,2,78,26,6.4,5.9,11.4,1.30%,15.30%,28.30%,63.10%,25.10%
Kevin Knox II,NYK,19,6-9,215,Kentucky,USA,2018,1,9,75,12.8,4.5,1.1,-13.7,2.50%,12.00%,21.90%,47.50%,6.00%
Kevon Looney,GSW,23,6-9,220,UCLA,USA,2015,1,30,80,6.3,5.2,1.5,10.3,12.60%,13.30%,12.20%,63.60%,10.60%
Khem Birch,ORL,26,6-9,233,UNLV,Canada,Undrafted,Undrafted,Undrafted,50,4.8,3.8,0.8,3.2,11.20%,16.60%,13.60%,64.00%,8.70%
Kyle Anderson,MEM,25,6-9,230,UCLA,USA,2014,1,30,43,8,5.8,3,-2.1,3.80%,16.10%,12.70%,56.90%,15.50%
Kyle Kuzma,LAL,23,6-9,220,Utah,USA,2017,1,27,70,18.7,5.5,2.5,-1.3,2.50%,12.70%,23.30%,54.60%,11.30%
Larry Nance Jr.,CLE,26,6-9,230,Wyoming,USA,2015,1,27,67,9.4,8.2,3.2,-8.8,9.00%,22.40%,15.20%,58.30%,17.90%
Luol Deng,MIN,34,6-9,237,Duke,United Kingdo...,2004,1,7,22,7.1,3.3,0.8,10,4.90%,12.50%,15.50%,58.80%,6.20%
Marcus Morris Sr.,BOS,29,6-9,235,Kansas,USA,2011,1,14,75,13.9,6.1,1.5,1.4,3.50%,17.60%,20.30%,56.80%,7.30%
Marvin Williams,CHA,33,6-9,237,North Carolina,USA,2005,1,2,75,10.1,5.4,1.2,-0.4,3.30%,15.20%,14.70%,54.80%,6.10%
Maurice Harkless,POR,26,6-9,220,St. John's,USA,2012,1,15,60,7.7,4.5,1.2,7.9,5.20%,12.80%,13.50%,54.70%,6.80%
Michael Beasley,LAL,30,6-9,235,Kansas State,USA,2008,1,2,26,7,2.3,1,-6,4.40%,15.30%,28.80%,53.20%,14.90%
Noah Vonleh,NYK,23,6-9,250,Indiana,USA,2014,1,9,68,8.4,7.8,1.9,-7.7,6.00%,23.40%,14.40%,56.10%,10.80%
Omari Spellman,ATL,21,6-9,245,Villanova,USA,2018,1,30,46,5.9,4.2,1,-10.3,8.00%,14.40%,14.60%,51.60%,8.50%
Omri Casspi,MEM,31,6-9,225,None,Israel,2009,1,23,36,6.3,3.2,0.7,1.1,3.30%,18.40%,17.00%,60.60%,7.70%
Pascal Siakam,TOR,25,6-9,230,New Mexico State,Cameroon,2016,1,27,80,16.9,6.9,3.1,10.6,5.00%,15.40%,20.50%,62.80%,14.10%
Patrick Patterson,OKC,30,6-9,230,Kentucky,USA,2010,1,14,63,3.6,2.3,0.5,-5.7,4.30%,11.40%,11.80%,49.30%,4.90%
Paul George,OKC,29,6-9,220,Fresno State,USA,2010,1,10,77,28,8.2,4.1,8.2,3.30%,17.30%,28.50%,58.30%,17.30%
Robert Covington,MIN,28,6-9,225,Tennessee State,USA,Undrafted,Undrafted,Undrafted,35,13.3,5.5,1.3,2.3,2.20%,12.70%,15.40%,58.00%,5.50%
Rodions Kurucs,BKN,21,6-9,210,None,Latvia,2018,2,40,63,8.5,3.9,0.8,-0.4,4.00%,13.10%,17.50%,54.50%,5.70%
Sam Dekker,WAS,25,6-9,230,Wisconsin,USA,2015,1,18,47,6.1,3.1,1,-5.3,6.40%,12.30%,15.70%,51.90%,8.10%
Taj Gibson,MIN,34,6-9,232,Southern California,USA,2009,1,26,70,10.8,6.5,1.2,-2.1,9.50%,16.10%,16.70%,61.20%,7.20%
Terrence Jones,HOU,27,6-9,252,Kentucky,USA,2012,1,18,2,1,2,0,-95.6,0.00%,57.10%,33.30%,22.50%,0.00%
Tobias Harris,PHI,26,6-9,235,Tennessee,USA,2011,1,19,82,20,7.9,2.8,0.4,2.40%,18.80%,22.50%,59.20%,12.60%
Tyler Cavanaugh,UTA,25,6-9,238,George Washington,USA,Undrafted,Undrafted,Undrafted,11,0.8,0.7,0.1,-40.7,6.50%,12.80%,11.80%,41.40%,4.30%
Wilson Chandler,LAC,32,6-9,225,DePaul,USA,2007,1,23,51,6,4.2,1.6,4.2,4.10%,13.20%,11.50%,53.70%,8.90%
Yuta Watanabe,MEM,24,6-9,205,George Washington,Japan,Undrafted,Undrafted,Undrafted,15,2.6,2.1,0.5,5.5,2.20%,15.20%,14.80%,35.20%,6.30%
Alan Williams,BKN,26,6-8,265,California-Santa Barbara,USA,Undrafted,Undrafted,Undrafted,5,3.6,3.8,0.6,27.1,11.40%,40.50%,22.20%,61.00%,17.60%
Alfonzo McKinnie,GSW,26,6-8,215,Wisc.-Green Bay,USA,Undrafted,Undrafted,Undrafted,72,4.7,3.4,0.4,0.9,7.50%,15.20%,13.10%,56.90%,4.10%
Andrew Wiggins,MIN,24,6-8,194,Kansas,Canada,2014,1,1,73,18.1,4.8,2.5,-1.2,3.10%,9.90%,24.00%,49.30%,10.80%
Anthony Tolliver,MIN,34,6-8,250,Creighton,USA,Undrafted,Undrafted,Undrafted,65,5,2.7,0.7,-4.1,1.20%,14.30%,12.10%,57.10%,5.90%
Bojan Bogdanovic,IND,30,6-8,216,None,Croatia,2011,2,31,81,18,4.1,2,2.9,1.30%,11.30%,21.90%,61.30%,9.50%
Cameron Reynolds,MIN,24,6-8,225,Tulane,USA,Undrafted,Undrafted,Undrafted,19,5,1.6,0.7,-4.9,1.40%,10.20%,14.10%,58.00%,7.30%
Carmelo Anthony,HOU,35,6-8,240,Syracuse,USA,2003,1,3,10,13.4,5.4,0.5,-9.9,2.70%,15.80%,19.90%,51.30%,2.80%
Cedi Osman,CLE,24,6-8,215,None,Turkey,2015,2,31,76,13,4.7,2.6,-12.8,1.80%,13.40%,18.20%,53.60%,12.00%
Daniel Theis,BOS,27,6-8,243,None,Germany,Undrafted,Undrafted,Undrafted,66,5.7,3.4,1,7.4,8.80%,14.50%,15.00%,62.40%,10.80%
Dante Cunningham,SAS,32,6-8,230,Villanova,USA,2009,2,33,64,3,2.9,0.8,-8.2,4.90%,14.80%,8.60%,58.50%,7.20%
Darius Miller,NOP,29,6-8,225,Kentucky,USA,2012,2,46,69,8.2,1.9,2.1,-0.2,0.70%,5.90%,13.10%,55.00%,10.70%
DeMarre Carroll,BKN,32,6-8,215,Missouri,USA,2009,1,27,67,11.1,5.2,1.3,2,3.70%,15.10%,18.10%,54.60%,7.50%
Devin Robinson,WAS,24,6-8,200,Florida,USA,2017,,,7,6.7,2.9,0.9,-1.7,5.80%,14.30%,17.60%,61.60%,9.50%
Donte Grantham,OKC,24,6-8,215,Clemson,USA,2018,,,3,0,0,0,-53.3,0.00%,0.00%,33.30%,0.00%,0.00%
Dorian Finney-Smith,DAL,26,6-8,220,Florida,USA,Undrafted,Undrafted,Undrafted,81,7.5,4.8,1.2,-1.9,6.40%,11.90%,13.50%,53.00%,7.00%
Doug McDermott,IND,27,6-8,225,Creighton,USA,2014,1,11,77,7.3,1.4,0.9,3.6,1.20%,6.60%,15.20%,61.70%,7.00%
Duncan Robinson,MIA,25,6-8,210,Michigan,USA,Undrafted,Undrafted,Undrafted,15,3.3,1.3,0.3,-10.9,1.10%,9.10%,13.40%,51.40%,4.50%
Gary Clark,HOU,24,6-8,225,Cincinnati,USA,Undrafted,Undrafted,Undrafted,51,2.9,2.3,0.4,2,3.50%,14.40%,10.60%,48.00%,4.00%
Georges Niang,UTA,26,6-8,230,Iowa State,USA,2016,2,50,59,4,1.5,0.6,-7.7,2.20%,13.50%,17.00%,61.30%,10.70%
Gordon Hayward,BOS,29,6-8,225,Butler,USA,2010,1,9,72,11.5,4.5,3.4,5.1,2.60%,14.10%,18.30%,57.50%,18.50%
Guerschon Yabusele,BOS,23,6-8,260,None,France,2016,1,16,41,2.3,1.3,0.4,-3.6,8.40%,10.40%,16.80%,54.20%,8.80%
Harrison Barnes,SAC,27,6-8,225,North Carolina,USA,2012,1,7,77,16.4,4.7,1.5,-1.5,2.10%,11.10%,20.20%,55.00%,6.90%
Isaac Bonga,LAL,19,6-8,180,None,Germany,2018,2,39,22,0.9,1.1,0.7,7,6.40%,11.30%,15.10%,24.00%,16.30%
Jabari Parker,WAS,24,6-8,245,Duke,USA,2014,1,2,64,14.5,6.6,2.4,-6.2,4.50%,18.70%,23.60%,56.00%,14.00%
James Johnson,MIA,32,6-8,240,Wake Forest,USA,2009,1,16,55,7.8,3.2,2.5,-4.6,1.80%,12.30%,17.70%,52.20%,16.70%
Jaron Blossomgame,CLE,25,6-8,220,Clemson,USA,2017,2,59,27,4.2,3.6,0.5,-6,5.50%,16.20%,12.00%,51.00%,4.30%
Jayson Tatum,BOS,21,6-8,208,Duke,USA,2017,1,3,79,15.7,6,2.1,6.8,2.80%,15.70%,21.80%,54.70%,9.80%
Jimmy Butler,PHI,29,6-8,232,Marquette,USA,2011,1,30,65,18.7,5.3,4,3.6,5.40%,9.40%,21.80%,57.10%,17.90%
Joe Ingles,UTA,31,6-8,226,None,Australia,Undrafted,Undrafted,Undrafted,82,12.1,4,5.7,7.7,1.30%,10.80%,17.00%,58.10%,26.20%
Josh Jackson,PHX,22,6-8,200,Kansas,USA,2017,1,4,79,11.5,4.4,2.3,-9.6,3.20%,13.60%,23.40%,48.70%,14.20%
Julian Washburn,MEM,27,6-8,209,Texas-El Paso,USA,2015,,,18,2.2,2.3,0.8,-2,2.70%,12.80%,9.60%,40.20%,8.30%
Justin Jackson,DAL,24,6-8,210,North Carolina,USA,2017,1,15,81,7.2,2.6,1.2,-0.9,2.50%,9.60%,14.10%,56.10%,8.10%
Kenneth Faried,HOU,29,6-8,220,Morehead State,USA,2011,1,22,37,10.4,6.8,0.5,4.1,12.30%,21.00%,19.40%,62.20%,4.30%
Khris Middleton,MIL,27,6-8,222,Texas A&M,USA,2012,2,39,77,18.3,6,4.3,10.5,2.10%,14.90%,24.60%,55.80%,19.40%
Lance Thomas,NYK,31,6-8,240,Duke,USA,Undrafted,Undrafted,Undrafted,46,4.5,2.5,0.6,-10.9,2.30%,11.50%,12.70%,48.20%,5.10%
LeBron James,LAL,34,6-8,250,None,USA,2003,1,1,55,27.4,8.5,8.3,2,2.90%,19.30%,31.10%,58.80%,37.60%
Luc Mbah a Moute,LAC,32,6-8,230,UCLA,Cameroon,2008,2,37,4,5,1.8,0.5,7.8,3.40%,6.50%,14.10%,49.50%,4.50%
Mario Hezonja,NYK,24,6-8,225,None,Croatia,2015,1,5,58,8.8,4.1,1.5,-10,2.10%,16.80%,20.80%,49.70%,11.60%
Mike Scott,PHI,30,6-8,237,Virginia,USA,2012,2,43,79,5.8,3.5,0.8,1.8,2.90%,14.70%,13.90%,52.80%,6.40%
Montrezl Harrell,LAC,25,6-8,240,Louisville,USA,2015,2,32,82,16.6,6.5,2,1.9,8.50%,14.60%,22.70%,63.60%,12.30%
Nicolas Batum,CHA,30,6-8,200,None,France,2008,1,25,75,9.3,5.2,3.3,-0.5,2.80%,13.10%,12.90%,58.10%,14.50%
OG Anunoby,TOR,21,6-8,232,Indiana,United Kingdo...,2017,1,23,67,7,2.9,0.7,-1.7,4.00%,10.00%,14.80%,54.40%,5.00%
Okaro White,WAS,26,6-8,205,Florida State,USA,Undrafted,Undrafted,Undrafted,3,0,0.7,0,-26.2,9.10%,14.30%,10.50%,0.00%,0.00%
Otto Porter Jr.,CHI,26,6-8,198,Georgetown,USA,2013,1,3,56,13.9,5.6,2.1,-0.4,3.10%,15.30%,18.50%,56.90%,10.00%
Paul Millsap,DEN,34,6-8,246,Louisiana Tech,USA,2006,2,47,70,12.6,7.2,2,8.6,7.80%,18.20%,19.10%,57.00%,10.40%
Rodney Hood,POR,26,6-8,206,Duke,USA,2014,1,23,72,11.2,2.2,1.8,-7.4,1.20%,7.10%,17.80%,54.50%,10.10%
Rudy Gay,SAS,32,6-8,230,Connecticut,USA,2006,1,8,69,13.7,6.8,2.6,4.1,3.40%,20.90%,21.60%,58.30%,14.50%
Svi Mykhailiuk,DET,22,6-8,205,Kansas,Ukraine,2018,2,47,42,3.2,0.9,0.9,-0.5,1.90%,5.50%,15.70%,44.70%,11.00%
T.J. Warren,PHX,25,6-8,215,North Carolina State,USA,2014,1,14,43,18,4,1.5,-7.7,2.20%,10.80%,22.10%,58.00%,7.30%
Taurean Prince,ATL,25,6-8,220,Baylor,USA,2016,1,12,55,13.5,3.6,2.1,-6.9,1.30%,11.00%,19.00%,57.50%,10.70%
Thaddeus Young,IND,31,6-8,221,Georgia Tech,USA,2007,1,12,81,12.6,6.5,2.5,2.5,7.80%,13.20%,17.90%,56.90%,12.00%
Trevor Ariza,WAS,33,6-8,215,UCLA,USA,2004,2,43,69,12.5,5.4,3.7,-6.8,2.10%,13.90%,16.40%,53.40%,14.90%
Udonis Haslem,MIA,39,6-8,235,Florida,USA,Undrafted,Undrafted,Undrafted,10,2.5,2.7,0.2,-21.3,3.10%,24.00%,19.60%,36.00%,4.80%
Vincent Edwards,HOU,23,6-8,225,Purdue,USA,2018,2,52,2,1.5,1,0,-6.1,5.90%,5.90%,11.10%,37.50%,0.00%
Yante Maten,MIA,22,6-8,240,Georgia,USA,2018,,,2,1,1.5,0,14.8,7.10%,9.50%,13.30%,25.00%,0.00%
BJ Johnson,SAC,23,6-7,200,La Salle,USA,Undrafted,Undrafted,Undrafted,7,3.3,1.1,0,-12.6,3.80%,15.00%,17.80%,60.90%,0.00%
Caris LeVert,BKN,24,6-7,204,Michigan,USA,2016,1,20,40,13.7,3.8,3.9,-0.2,3.00%,10.00%,23.50%,50.90%,23.10%
Chandler Hutchison,CHI,23,6-7,197,Boise State,USA,2018,1,22,44,5.2,4.2,0.8,-5.6,3.30%,16.70%,12.10%,50.70%,5.50%
Daniel Hamilton,ATL,23,6-7,195,UCONN,USA,2016,2,56,19,3,2.5,1.2,-4.9,4.30%,16.10%,15.30%,45.50%,15.70%
Danuel House Jr.,HOU,26,6-7,220,Texas A&M,USA,Undrafted,Undrafted,Undrafted,39,9.4,3.6,1,8.9,2.50%,11.20%,13.70%,64.60%,5.80%
DeMar DeRozan,SAS,29,6-7,220,Southern California,USA,2009,1,9,77,21.2,6,6.2,0,2.00%,14.70%,27.70%,54.20%,27.70%
Deng Adel,CLE,22,6-7,200,Louisville,South Sudan,2018,,,19,1.7,1,0.3,-9.5,1.40%,8.90%,9.70%,42.40%,3.80%
Derrick Jones Jr.,MIA,22,6-7,200,UNLV,USA,Undrafted,Undrafted,Undrafted,60,7,4,0.6,-1.2,7.60%,11.90%,15.10%,55.90%,4.90%
Draymond Green,GSW,29,6-7,230,Michigan State,USA,2012,2,35,66,7.4,7.3,6.9,10.7,3.10%,18.00%,12.80%,52.60%,26.10%
Dwayne Bacon,CHA,23,6-7,221,Florida State,USA,2017,2,40,43,7.3,2.1,1.1,-2,1.00%,10.50%,16.70%,57.00%,9.20%
Evan Fournier,ORL,26,6-7,205,None,France,2012,1,20,81,15.1,3.2,3.6,1.7,1.40%,8.60%,21.70%,53.60%,17.00%
Evan Turner,POR,30,6-7,220,Ohio State,USA,2010,1,2,73,6.8,4.5,3.9,1.3,2.20%,16.70%,15.80%,50.40%,24.20%
Furkan Korkmaz,PHI,21,6-7,190,None,Turkey,2016,1,26,48,5.8,2.2,1.1,3.7,2.30%,13.00%,17.40%,52.80%,10.70%
Gerald Green,HOU,33,6-7,205,No College,USA,2005,1,18,73,9.2,2.5,0.5,4.6,1.90%,10.00%,19.00%,55.50%,4.10%
Haywood Highsmith,PHI,22,6-7,220,Wheeling Jesuit,USA,2018,,,5,1.8,1,0.4,-27.6,0.00%,14.30%,11.50%,41.40%,6.70%
Jalen Jones,CLE,26,6-7,220,Texas A&M,USA,2016,,,16,5.1,2.1,0.4,-6.7,5.00%,11.30%,16.20%,54.80%,5.00%
James Ennis III,PHI,28,6-7,210,Cal State-Long Beach,USA,2013,2,50,58,6.7,3.1,0.7,0.7,4.80%,9.90%,12.50%,59.00%,4.70%
James Nunnally,HOU,28,6-7,208,California-Santa Barbara,USA,Undrafted,Undrafted,Undrafted,15,2.4,0.3,0.5,-11,0.00%,5.30%,15.30%,50.30%,9.70%
Jared Dudley,BKN,33,6-7,237,Boston College,USA,2007,1,22,59,4.9,2.6,1.4,0.8,2.70%,9.60%,10.40%,55.40%,9.30%
Jaylen Brown,BOS,22,6-7,220,California,USA,2016,1,3,74,13,4.2,1.4,2.4,3.20%,12.20%,21.50%,54.70%,7.90%
Justise Winslow,MIA,23,6-7,225,Duke,USA,2015,1,10,66,12.6,5.4,4.3,3.4,3.10%,14.10%,20.60%,51.30%,21.30%
Kawhi Leonard,TOR,28,6-7,230,San Diego State,USA,2011,1,15,60,26.6,7.3,3.3,7.9,3.90%,16.50%,30.00%,60.60%,15.90%
Kelly Oubre Jr.,PHX,23,6-7,205,Kansas,USA,2015,1,15,69,15.2,4.7,1.2,-6,3.50%,12.60%,22.30%,55.10%,6.70%
Kenrich Williams,NOP,24,6-7,210,TCU,USA,Undrafted,Undrafted,Undrafted,46,6.1,4.8,1.8,-3.8,4.60%,14.50%,11.90%,48.50%,9.40%
Kevin Huerter,ATL,20,6-7,190,Maryland,USA,2018,1,19,75,9.7,3.3,2.9,-2.2,2.70%,8.70%,15.30%,53.30%,13.90%
Klay Thompson,GSW,29,6-7,215,Washington State,USA,2011,1,11,78,21.5,3.8,2.4,6.5,1.50%,8.90%,25.40%,57.10%,10.30%
Kyle Korver,UTA,38,6-7,212,Creighton,USA,2003,2,51,70,8.6,2.3,1.2,3.6,0.60%,10.50%,17.40%,58.20%,8.80%
Luka Doncic,DAL,20,6-7,218,None,Slovenia,2018,1,3,72,21.2,7.8,6,-3.1,3.60%,19.80%,29.60%,54.50%,31.70%
Malcolm Miller,TOR,26,6-7,210,Holy Cross,USA,Undrafted,Undrafted,Undrafted,10,3.5,0.5,0.1,-4.7,1.50%,4.80%,18.00%,63.00%,2.40%
Marcus Derrickson,GSW,23,6-7,249,Georgetown,USA,Undrafted,Undrafted,Undrafted,11,4.2,1.2,0.1,-7.9,10.40%,6.30%,23.30%,65.30%,2.60%
Michael Kidd-Gilchrist,CHA,25,6-7,232,Kentucky,USA,2012,1,2,64,6.7,3.8,1,-0.9,6.90%,12.90%,15.30%,55.30%,7.70%
Mikal Bridges,PHX,22,6-7,210,Villanova,USA,2018,1,10,82,8.3,3.2,2.1,-6.8,2.30%,8.50%,11.90%,55.60%,9.70%
Miles Bridges,CHA,21,6-7,225,Michigan State,USA,2018,1,12,80,7.5,4,1.2,-3.7,3.70%,14.80%,14.70%,54.80%,8.10%
Nick Young,DEN,34,6-7,210,Southern California,USA,2007,1,16,4,2.3,0.3,0.5,-5.1,0.00%,2.60%,12.60%,50.00%,7.70%
Patrick McCaw,TOR,23,6-7,185,UNLV,USA,2016,2,38,29,2.6,1.7,1,-6.4,1.70%,10.50%,9.30%,53.20%,9.90%
Quincy Acy,PHX,28,6-7,240,Baylor,USA,2012,2,37,10,1.7,2.5,0.8,2.8,2.20%,15.30%,8.80%,37.90%,8.80%
Quincy Pondexter,SAS,31,6-7,230,Washington,USA,2010,1,26,53,1.8,0.9,0.5,-2.2,2.80%,12.30%,12.90%,64.10%,12.10%
Reggie Bullock,LAL,28,6-7,205,North Carolina,USA,2013,1,25,63,11.3,2.7,2,-1.3,1.10%,8.20%,15.40%,56.30%,9.60%
Rondae Hollis-Jefferson,BKN,24,6-7,217,Arizona,USA,2015,1,23,59,8.9,5.3,1.6,0.7,6.00%,17.00%,21.00%,46.40%,11.90%
Ryan Broekhoff,DAL,28,6-7,215,Valparaiso,Australia,Undrafted,Undrafted,Undrafted,42,4,1.5,0.5,8.3,1.70%,11.30%,14.00%,62.10%,6.90%
Semi Ojeleye,BOS,24,6-7,241,Southern Methodist,USA,2017,2,37,56,3.3,1.5,0.4,6,3.80%,9.30%,13.70%,53.10%,5.40%
Shaun Livingston,GSW,33,6-7,192,None,USA,2004,1,4,64,4,1.8,1.8,3.2,4.30%,7.10%,11.80%,55.50%,15.40%
Solomon Hill,NOP,28,6-7,225,Arizona,USA,2013,1,23,44,4.3,3,1.3,-6.5,3.60%,10.20%,10.40%,49.70%,8.00%
Stanley Johnson,NOP,23,6-7,245,Arizona,USA,2015,1,8,66,6.9,3.3,1.3,-7.9,2.50%,14.20%,18.60%,48.50%,11.80%
Terrance Ferguson,OKC,21,6-7,190,None,USA,2017,1,21,74,6.9,1.9,1,3.9,1.50%,5.50%,10.40%,56.60%,4.60%
Terrence Ross,ORL,28,6-7,206,Washington,USA,2012,1,8,81,15.1,3.5,1.7,-0.5,1.20%,11.30%,23.00%,56.10%,10.30%
Thabo Sefolosha,UTA,35,6-7,220,None,Switzerland,2006,1,13,50,3.8,2.5,0.5,8.8,1.40%,18.10%,12.90%,59.90%,5.90%
Tomas Satoransky,WAS,27,6-7,210,None,Czech Republi...,2012,2,32,80,8.9,3.5,5,-0.4,3.60%,9.00%,13.90%,59.00%,24.80%
Tony Snell,MIL,27,6-7,213,New Mexico,USA,2013,1,20,74,6,2.1,0.9,6.6,2.10%,8.60%,12.70%,58.50%,6.90%
Torrey Craig,DEN,28,6-7,215,South Carolina Upstate,USA,Undrafted,Undrafted,Undrafted,75,5.7,3.5,1,3.3,5.70%,11.20%,12.10%,54.70%,6.20%
Troy Brown Jr.,WAS,19,6-7,215,Oregon,USA,2018,1,15,52,4.8,2.8,1.5,-0.3,4.50%,14.90%,15.80%,48.70%,14.70%
Troy Williams,SAC,24,6-7,218,Indiana,USA,Undrafted,Undrafted,Undrafted,21,5.3,2.8,0.5,-9.5,3.40%,14.40%,14.40%,53.10%,5.10%
Wes Iwundu,ORL,24,6-7,195,Kansas State,USA,2017,2,33,68,5,2.7,1.1,1.7,2.70%,10.80%,12.50%,53.10%,8.00%
Wesley Johnson,WAS,31,6-7,215,Syracuse,USA,2010,1,4,38,3.4,1.9,0.6,-7.3,2.00%,10.40%,11.50%,46.90%,5.40%
Abdel Nader,OKC,25,6-6,225,Iowa State,Egypt,2016,2,58,61,4,1.9,0.3,-9.5,1.70%,13.90%,14.80%,52.20%,4.40%
Alec Burks,SAC,27,6-6,214,Colorado,USA,2011,1,12,64,8.8,3.7,2,-11.1,2.10%,15.10%,18.50%,52.30%,14.20%
Alex Abrines,OKC,25,6-6,200,None,Spain,2013,2,32,31,5.3,1.5,0.6,1.6,0.70%,6.70%,12.00%,50.70%,4.70%
Allen Crabbe,BKN,27,6-6,212,California,USA,2013,2,31,43,9.6,3.4,1.1,0.3,1.30%,10.80%,15.90%,51.90%,5.90%
Andre Iguodala,GSW,35,6-6,215,Arizona,USA,2004,1,9,68,5.7,3.7,3.2,9,3.10%,11.70%,10.10%,58.70%,17.30%
Andrew Harrison,NOP,24,6-6,213,Kentucky,USA,2015,2,44,17,3.2,1.2,1.4,-5.5,3.20%,7.40%,17.10%,44.30%,19.40%
Billy Garrett,NYK,24,6-6,215,DePaul,USA,Undrafted,Undrafted,Undrafted,4,6.5,0.8,1.8,-8.6,0.00%,4.10%,21.50%,45.20%,18.90%
Bogdan Bogdanovic,SAC,26,6-6,205,None,Serbia,2014,1,27,70,14.1,3.5,3.8,-1.1,1.90%,9.80%,22.00%,53.00%,19.90%
Bonzie Colson,MIL,23,6-6,225,Notre Dame,USA,Undrafted,Undrafted,Undrafted,8,4.9,3.8,0.4,-9.2,6.50%,18.20%,17.40%,45.40%,4.00%
CJ Miles,MEM,32,6-6,220,No College,USA,2005,2,34,53,6.4,1.8,0.7,-1.7,1.40%,9.00%,17.30%,50.40%,6.10%
Damion Lee,GSW,26,6-6,210,Drexel,USA,Undrafted,Undrafted,Undrafted,32,4.9,2,0.4,-5.5,2.00%,13.40%,16.40%,57.80%,5.10%
Damyean Dotson,NYK,25,6-6,210,Houston,USA,2017,2,44,73,10.7,3.6,1.8,-8,1.60%,10.80%,16.90%,52.60%,10.40%
Danny Green,TOR,32,6-6,215,North Carolina,USA,2009,2,46,80,10.3,4,1.6,13.4,2.80%,10.70%,13.90%,63.20%,7.30%
Dante Exum,UTA,23,6-6,190,None,Australia,2014,1,5,42,6.9,1.6,2.6,3.2,2.40%,7.70%,20.70%,51.60%,25.10%
DeAndre' Bembry,ATL,24,6-6,210,St. Joseph's (PA),USA,2016,1,21,82,8.4,4.4,2.5,-5,2.60%,14.80%,16.80%,50.80%,15.00%
DeVaughn Akoon-Purcell,DEN,26,6-6,200,Illinois State,Trinidad and ...,2016,,,7,1,0.6,0.9,4.2,4.30%,15.00%,22.80%,32.20%,37.50%
Devin Booker,PHX,22,6-6,210,Kentucky,USA,2015,1,13,64,26.6,4.1,6.8,-6.9,1.70%,9.90%,32.00%,58.40%,32.70%
Dillon Brooks,MEM,23,6-6,220,Oregon,Canada,2017,2,45,18,7.5,1.7,0.9,-1.6,2.80%,7.60%,20.70%,49.90%,7.90%
Edmond Sumner,IND,23,6-6,176,Xavier,USA,2017,2,52,23,2.9,1,0.4,-7.8,3.80%,6.50%,15.70%,44.30%,6.30%
Frank Ntilikina,NYK,20,6-6,200,None,France,2017,1,8,43,5.7,2,2.8,-8.5,1.20%,8.00%,16.30%,41.70%,19.50%
Garrett Temple,LAC,33,6-6,195,Louisiana State,USA,Undrafted,Undrafted,Undrafted,75,7.8,2.9,1.4,-1.6,1.40%,9.20%,13.10%,54.30%,7.50%
Gary Trent Jr.,POR,20,6-6,205,Duke,USA,2018,2,37,15,2.7,0.7,0.3,-4.7,1.00%,8.00%,21.30%,37.70%,5.70%
George King,PHX,25,6-6,220,Colorado Boulder,USA,2018,2,59,1,0,1,0,-75,0.00%,25.00%,0.00%,0.00%,0.00%
Glenn Robinson III,DET,25,6-6,222,Michigan,USA,2014,2,40,47,4.2,1.5,0.4,-0.8,2.60%,8.90%,14.60%,51.10%,5.30%
JR Smith,CLE,33,6-6,225,No College,USA,2004,1,18,11,6.7,1.6,1.9,-3.4,0.00%,8.00%,17.60%,44.40%,13.30%
Jacob Evans,GSW,22,6-6,210,Cincinnati,USA,2018,1,28,30,1.3,0.8,0.8,-6.2,2.90%,8.40%,13.40%,37.40%,15.00%
Jae Crowder,UTA,28,6-6,235,Marquette,USA,2012,2,34,80,11.9,4.8,1.7,4.4,2.70%,13.90%,18.30%,53.80%,9.00%
Joe Harris,BKN,27,6-6,218,Virginia,USA,2014,2,33,76,13.7,3.8,2.4,-1.6,2.20%,9.60%,16.70%,64.50%,11.40%
Jonathon Simmons,PHI,29,6-6,195,Houston,USA,2012,0,0,56,6.5,2.3,2.3,-5.3,2.40%,9.00%,18.20%,46.60%,17.50%
Josh Richardson,MIA,25,6-6,200,Tennessee,USA,2015,2,40,73,16.6,3.6,4.1,0.9,2.00%,7.80%,20.30%,53.60%,17.70%
Justin Anderson,ATL,25,6-6,230,Virginia,USA,2015,1,21,48,3.7,1.8,0.5,-5.7,4.60%,11.90%,16.60%,51.60%,7.30%
Justin Holiday,MEM,30,6-6,181,Washington,USA,Undrafted,Undrafted,Undrafted,82,10.5,3.9,1.8,-7.7,1.70%,10.30%,15.30%,52.00%,8.40%
Lance Stephenson,LAL,28,6-6,230,Cincinnati,USA,2010,2,40,68,7.2,3.2,2.1,-4.5,2.60%,15.00%,19.70%,52.90%,17.50%
Lonzo Ball,LAL,21,6-6,190,UCLA,USA,2017,1,2,47,9.9,5.3,5.4,-0.7,3.60%,12.40%,16.70%,48.70%,23.60%
Malachi Richardson,TOR,23,6-6,205,Syracuse,USA,2016,1,22,22,1.4,0.6,0,-4.6,1.60%,8.70%,14.20%,48.10%,0.00%
Melvin Frazier Jr.,ORL,22,6-6,200,Tulane,USA,2018,2,35,10,1.5,0.5,0.1,-13.5,5.30%,4.50%,20.50%,33.00%,3.20%
Michael Carter-Williams,ORL,27,6-6,190,Syracuse,USA,2013,1,11,28,4.8,2.5,2.5,0.2,4.30%,14.30%,17.60%,45.80%,26.20%
Mitchell Creek,MIN,27,6-6,225,None,Australia,Undrafted,Undrafted,Undrafted,5,4.2,2.4,1.2,8.9,10.90%,10.50%,16.90%,55.00%,18.80%
Nik Stauskas,CLE,25,6-6,205,Michigan,Canada,2014,1,8,68,5.9,1.9,1.2,-12.9,1.60%,10.40%,17.10%,54.50%,12.30%
P.J. Dozier,BOS,22,6-6,205,South Carolina,USA,Undrafted,Undrafted,Undrafted,6,3.2,2.8,0.8,22.5,10.20%,17.20%,17.30%,43.40%,12.50%
P.J. Tucker,HOU,34,6-6,245,Texas-Austin,USA,2006,2,35,82,7.3,5.8,1.2,4.5,4.10%,12.90%,9.40%,54.70%,4.70%
Royce O'Neale,UTA,26,6-6,226,Baylor,USA,Undrafted,Undrafted,Undrafted,82,5.2,3.5,1.5,4.8,1.30%,14.60%,10.80%,58.90%,10.20%
Shai Gilgeous-Alexander,LAC,20,6-6,181,Kentucky,Canada,2018,1,11,82,10.8,2.8,3.3,-2,2.60%,7.80%,18.20%,55.40%,17.90%
Shake Milton,PHI,22,6-6,207,Southern Methodist,USA,2018,2,54,20,4.4,1.8,0.9,-1.1,3.10%,9.60%,14.70%,48.30%,8.60%
Spencer Dinwiddie,BKN,26,6-6,210,Colorado,USA,2014,2,38,68,16.8,2.4,4.6,-2.7,1.30%,6.90%,24.20%,58.00%,27.20%
Sterling Brown,MIL,24,6-6,232,Southern Methodist,USA,2017,2,46,58,6.4,3.2,1.4,0.2,2.60%,13.00%,14.90%,56.30%,11.50%
Theo Pinson,BKN,23,6-6,218,North Carolina,USA,Undrafted,Undrafted,Undrafted,18,4.5,2,1.2,-0.6,1.50%,12.60%,19.10%,49.00%,16.70%
Tim Hardaway Jr.,DAL,27,6-6,205,Michigan,USA,2013,1,24,65,18.1,3.4,2.4,-9.1,1.50%,9.00%,24.60%,52.70%,12.50%
Timothe Luwawu-Cabarrot,CHI,24,6-6,210,None,France,2016,1,24,50,4.6,1.9,0.5,-14.4,1.50%,12.50%,15.60%,48.90%,5.70%
Tyreke Evans,IND,29,6-6,220,Memphis,USA,2009,1,4,69,10.2,2.9,2.4,1.9,2.30%,11.40%,25.50%,48.30%,17.60%
Vince Carter,ATL,42,6-6,220,North Carolina,USA,1998,1,5,76,7.4,2.6,1.1,-6.3,2.10%,11.40%,16.40%,56.50%,9.70%
Will Barton,DEN,28,6-6,190,Memphis,USA,2012,2,40,43,11.5,4.6,2.9,0.6,2.60%,13.70%,19.50%,50.10%,14.60%
Alex Caruso,LAL,25,6-5,186,Texas A&M,USA,Undrafted,Undrafted,Undrafted,25,9.2,2.7,3.1,3.2,3.50%,7.90%,18.40%,56.90%,20.50%
Allonzo Trier,NYK,23,6-5,200,Arizona,USA,2018,,,64,10.9,3.1,1.9,-7.2,2.00%,10.70%,20.70%,56.40%,13.10%
Ben McLemore,SAC,26,6-5,201,Kansas,USA,2013,1,7,19,3.9,0.9,0.2,-3.5,1.80%,8.90%,18.50%,54.10%,3.50%
Bradley Beal,WAS,26,6-5,207,Florida,USA,2012,1,3,82,25.6,5,5.5,-1.8,2.80%,10.40%,27.80%,58.10%,23.30%
Brandon Sampson,CHI,22,6-5,184,Louisiana State,USA,2018,,,14,5.1,1.1,0.7,-6,1.40%,6.30%,15.40%,56.70%,6.30%
Bruce Brown,DET,22,6-5,202,Miami,USA,2018,2,42,74,4.3,2.5,1.2,0.7,3.20%,9.20%,11.30%,46.90%,8.70%
C.J. Williams,MIN,29,6-5,226,North Carolina State,USA,2012,0,0,15,2.6,0.5,0.8,-17.5,0.70%,5.30%,13.80%,55.00%,15.80%
Courtney Lee,DAL,33,6-5,215,Western Kentucky,USA,2008,1,22,34,4,1.6,1.1,-6.4,1.90%,10.50%,15.00%,49.20%,13.00%
D'Angelo Russell,BKN,23,6-5,198,Ohio State,USA,2015,1,2,81,21.1,3.9,7,0.2,2.00%,9.90%,31.10%,53.30%,39.20%
DJ Stephens,MEM,28,6-5,188,Memphis,USA,Undrafted,Undrafted,Undrafted,1,2,0,0,-23.2,0.00%,0.00%,13.00%,50.00%,0.00%
Davon Reed,IND,24,6-5,208,Miami,USA,2017,2,32,10,1.2,0.6,0.3,18.7,3.30%,7.30%,10.40%,50.00%,6.80%
Delon Wright,MEM,27,6-5,183,Utah,USA,2015,1,20,75,8.7,3.5,3.3,-0.1,3.70%,11.30%,17.20%,52.30%,21.70%
Deonte Burton,OKC,25,6-5,245,Iowa State,USA,Undrafted,Undrafted,Undrafted,32,2.6,0.9,0.3,4.3,1.40%,9.00%,15.90%,47.00%,5.70%
Emmanuel Mudiay,NYK,23,6-5,200,None,Democratic Re...,2015,1,7,59,14.8,3.3,3.9,-10.8,1.90%,9.80%,24.80%,53.10%,24.20%
Grayson Allen,UTA,23,6-5,198,Duke,USA,2018,1,21,38,5.6,0.6,0.7,-13.6,0.70%,4.70%,23.80%,51.60%,10.20%
Hamidou Diallo,OKC,20,6-5,198,Kentucky,USA,2018,2,45,51,3.7,1.9,0.3,-6.8,6.50%,11.00%,16.00%,49.70%,4.40%
Iman Shumpert,HOU,29,6-5,215,Georgia Tech,USA,2011,1,17,62,7.5,3,1.8,-1.4,1.60%,10.10%,14.30%,49.90%,9.80%
J.P. Macura,CHA,24,6-5,205,Xavier,USA,2018,,,2,3,1.5,1,-2.2,0.00%,14.30%,20.90%,33.30%,20.00%
Jamal Crawford,PHX,39,6-5,185,Michigan,USA,2000,1,8,64,7.9,1.3,3.6,-15.1,0.60%,6.10%,19.80%,52.20%,28.30%
James Harden,HOU,29,6-5,220,Arizona State,USA,2009,1,3,78,36.1,6.6,7.5,6.3,2.30%,15.70%,39.60%,61.60%,39.40%
Jaylen Morris,MIL,23,6-5,185,Molloy,USA,Undrafted,Undrafted,Undrafted,4,2.5,1.3,1,22.5,0.00%,14.70%,15.00%,46.00%,17.40%
Jemerrio Jones,LAL,24,6-5,174,New Mexico State,USA,2018,,,6,4.5,8.2,2.2,10.7,10.00%,19.80%,10.80%,39.80%,11.50%
Jeremy Lamb,CHA,27,6-5,185,Connecticut,USA,2012,1,12,79,15.3,5.5,2.2,0.7,2.70%,15.90%,22.00%,55.20%,11.90%
Jerome Robinson,LAC,22,6-5,190,Boston College,USA,2018,1,13,33,3.4,1.2,0.6,-3.4,0.90%,10.90%,15.90%,49.10%,8.00%
John Holland,CLE,30,6-5,205,Boston U.,USA,Undrafted,Undrafted,Undrafted,1,0,0,0,50,0.00%,0.00%,0.00%,0.00%,0.00%
Jordan Clarkson,CLE,27,6-5,194,Missouri,USA,2014,2,46,81,16.8,3.3,2.4,-8,3.50%,8.70%,26.60%,53.90%,15.30%
Jordan McRae,WAS,28,6-5,179,Tennessee,USA,2014,2,58,27,5.9,1.5,1.1,-3.3,1.70%,9.50%,19.10%,55.00%,13.10%
Josh Hart,LAL,24,6-5,215,Villanova,USA,2017,1,30,67,7.8,3.7,1.4,0.4,1.90%,10.90%,13.00%,52.60%,7.20%
Kent Bazemore,ATL,29,6-5,201,Old Dominion,USA,Undrafted,Undrafted,Undrafted,67,11.6,3.9,2.3,-7.7,2.00%,12.60%,21.50%,50.70%,14.40%
Kentavious Caldwell-Pope,LAL,26,6-5,205,Georgia,USA,2013,1,8,82,11.4,2.9,1.3,-3.7,2.20%,8.80%,17.50%,56.80%,7.70%
Landry Shamet,LAC,22,6-5,188,Wichita State,USA,2018,1,26,79,9.1,1.7,1.5,1.7,1.10%,6.00%,14.50%,60.40%,9.00%
Lonnie Walker IV,SAS,20,6-5,205,Miami,USA,2018,1,18,17,2.6,1,0.5,-24.3,0.00%,12.20%,19.60%,44.60%,14.30%
Lorenzo Brown,TOR,28,6-5,189,North Carolina State,USA,2013,2,52,26,2.1,1.2,1.1,-7,2.10%,11.00%,16.70%,38.00%,19.90%
Luke Kennard,DET,23,6-5,206,Duke,USA,2017,1,12,63,9.7,2.9,1.8,0.3,0.80%,12.10%,17.90%,56.00%,12.20%
Malcolm Brogdon,MIL,26,6-5,229,Virginia,USA,2016,2,36,64,15.6,4.5,3.2,10.7,3.50%,10.70%,20.20%,61.40%,15.70%
Malik Beasley,DEN,22,6-5,195,Florida State,USA,2016,1,19,81,11.3,2.5,1.2,3.9,1.80%,8.50%,18.10%,59.90%,7.40%
MarShon Brooks,MEM,30,6-5,200,Providence,USA,2011,1,25,29,6.6,1.6,0.9,-2.8,3.00%,8.90%,23.30%,51.80%,11.20%
Marco Belinelli,SAS,33,6-5,210,None,Italy,2007,1,18,79,10.5,2.5,1.7,0.8,0.90%,9.30%,18.70%,55.70%,10.20%
Milos Teodosic,LAC,32,6-5,196,None,Serbia,Undrafted,Undrafted,Undrafted,15,3.2,1.1,2.1,5.4,2.10%,8.40%,17.10%,55.70%,26.00%
RJ Hunter,BOS,25,6-5,185,Georgia State,USA,2015,1,28,1,17,3,3,52.8,3.70%,5.00%,22.60%,61.20%,15.00%
Rawle Alkins,CHI,21,6-5,225,Arizona,USA,Undrafted,Undrafted,Undrafted,10,3.7,2.6,1.3,-5.5,7.70%,12.00%,17.30%,41.80%,13.70%
Sindarius Thornwell,LAC,24,6-5,215,South Carolina,USA,2017,2,48,64,1,0.7,0.3,-0.8,1.50%,10.80%,10.50%,48.50%,7.90%
Tahjere McCall,BKN,24,6-5,190,Tennessee State,USA,2017,0,,1,4,1,0,63.9,0.00%,20.00%,13.60%,58.10%,0.00%
Treveon Graham,BKN,25,6-5,225,Virginia Commonwealth,USA,Undrafted,Undrafted,Undrafted,35,5.3,3.1,1,2.3,2.80%,10.70%,12.30%,45.80%,6.20%
Tyler Dorsey,MEM,23,6-5,183,Oregon,USA,2017,2,41,48,6.2,2.4,1.2,-2,3.60%,11.80%,18.20%,50.90%,11.80%
Tyrone Wallace,LAC,25,6-5,198,California,USA,2016,2,60,62,3.5,1.6,0.7,3.7,3.00%,11.10%,17.40%,45.00%,9.00%
Wayne Ellington,DET,31,6-5,200,North Carolina,USA,2009,1,28,53,10.3,2,1.4,-0.5,1.00%,7.30%,16.70%,56.90%,8.60%
Wayne Selden,CHI,24,6-5,230,Kansas,USA,2016,,,75,6.9,2.4,1.5,-9.6,2.40%,9.80%,17.80%,49.10%,11.20%
Wesley Matthews,IND,32,6-5,220,Marquette,USA,Undrafted,Undrafted,Undrafted,69,12.2,2.5,2.3,-2,1.50%,6.30%,17.50%,54.60%,11.30%
Zach LaVine,CHI,24,6-5,200,UCLA,USA,2014,1,13,63,23.7,4.7,4.5,-6.5,1.80%,11.30%,29.80%,57.40%,22.40%
Anfernee Simons,POR,20,6-4,185,None,USA,2018,1,24,20,3.8,0.7,0.7,-17.6,2.20%,6.70%,24.00%,53.50%,13.50%
Antonio Blakeney,CHI,22,6-4,192,Louisiana State,USA,Undrafted,Undrafted,Undrafted,57,7.3,1.9,0.7,-7.8,0.80%,11.40%,24.00%,48.70%,7.90%
Austin Rivers,HOU,26,6-4,200,Duke,USA,2012,1,10,76,8.1,2.1,2.2,2.5,1.20%,6.50%,14.20%,50.30%,12.00%
Brad Wanamaker,BOS,29,6-4,210,Pittsburgh,USA,Undrafted,Undrafted,Undrafted,36,3.9,1.1,1.6,8.8,0.80%,9.60%,16.20%,59.70%,22.50%
Buddy Hield,SAC,26,6-4,214,Oklahoma,Bahamas,2016,1,6,82,20.7,5,2.5,-0.6,3.60%,11.00%,24.30%,58.70%,11.70%
Dairis Bertans,NOP,29,6-4,200,None,Latvia,Undrafted,Undrafted,Undrafted,12,2.8,0.8,0.8,-15,1.10%,3.60%,12.00%,36.20%,7.80%
David Nwaba,CLE,26,6-4,219,Cal Poly,USA,Undrafted,Undrafted,Undrafted,51,6.5,3.2,1.1,-3.8,3.90%,12.80%,14.10%,55.80%,7.70%
De'Anthony Melton,PHX,21,6-4,200,Southern California,USA,2018,2,46,50,5,2.7,3.2,-7.9,2.50%,11.40%,14.70%,46.60%,21.40%
Derrick White,SAS,24,6-4,190,Colorado,USA,2017,1,29,67,9.9,3.7,3.9,4.8,2.20%,11.60%,17.80%,55.50%,20.60%
Dion Waiters,MIA,27,6-4,215,Syracuse,USA,2012,1,4,44,12,2.6,2.8,-2,0.60%,9.40%,21.30%,53.00%,16.40%
Donte DiVincenzo,MIL,22,6-4,203,Villanova,USA,2018,1,17,27,4.9,2.4,1.1,12.6,3.60%,9.90%,14.50%,50.70%,10.20%
Dusty Hannahs,MEM,25,6-4,195,Arkansas,USA,2017,,,2,4,0.5,2.5,-17.5,0.00%,3.60%,22.20%,31.10%,35.70%
Dwyane Wade,MIA,37,6-4,220,Marquette,USA,2003,1,5,72,15,4,4.2,-1.8,3.30%,10.60%,26.90%,51.00%,26.40%
E'Twaun Moore,NOP,30,6-4,191,Purdue,USA,2011,2,55,53,11.9,2.4,1.9,-0.3,2.30%,5.80%,17.00%,56.70%,9.30%
Elfrid Payton,NOP,25,6-4,185,Louisana-Lafayette,USA,2014,1,10,42,10.6,5.2,7.6,-2.2,3.70%,12.90%,17.70%,50.20%,31.80%
Eric Gordon,HOU,30,6-4,215,Indiana,USA,2008,1,7,68,16.2,2.2,1.9,8.1,0.70%,5.90%,21.50%,54.90%,9.00%
Gary Harris,DEN,24,6-4,210,Michigan State,USA,2014,1,19,57,12.9,2.8,2.2,6.2,2.40%,7.00%,19.50%,52.60%,11.00%
JJ Redick,PHI,35,6-4,200,Duke,USA,2006,1,11,76,18.1,2.4,2.7,5.6,0.80%,6.20%,20.90%,60.20%,12.90%
Jamal Murray,DEN,22,6-4,207,Kentucky,Canada,2016,1,7,75,18.2,4.2,4.8,4.8,2.60%,10.10%,24.10%,53.80%,22.00%
Jerian Grant,ORL,26,6-4,205,Notre Dame,USA,2015,1,19,60,4.2,1.6,2.6,-7.3,1.90%,8.30%,13.00%,52.60%,24.20%
Jodie Meeks,TOR,31,6-4,210,Kentucky,USA,2009,2,41,8,6.4,1.5,1,5.8,1.00%,9.30%,16.90%,64.70%,9.60%
John Jenkins,NYK,28,6-4,215,Vanderbilt,USA,2012,1,23,26,4.7,1.4,0.8,-6.5,1.80%,8.30%,16.00%,53.60%,10.50%
John Wall,WAS,28,6-4,210,Kentucky,USA,2010,1,1,32,20.7,3.6,8.7,-6.1,1.30%,8.70%,28.60%,52.70%,39.10%
Jordan Loyd,TOR,25,6-4,210,Indianapolis,USA,Undrafted,Undrafted,Undrafted,12,2.4,0.8,0.5,-15.7,1.70%,13.30%,15.90%,63.50%,18.20%
Jordan Sibert,ATL,26,6-4,187,Dayton,USA,2015,,,1,3,0,0,-36.7,0.00%,0.00%,8.30%,150.00%,0.00%
Josh Okogie,MIN,20,6-4,212,Georgia Tech,Nigeria,2018,1,20,74,7.7,2.9,1.2,-1,2.10%,9.80%,14.80%,49.20%,6.80%
Jrue Holiday,NOP,29,6-4,205,UCLA,USA,2009,1,17,67,21.2,5,7.7,4.4,3.00%,9.90%,25.00%,55.50%,30.80%
Kobi Simmons,CLE,21,6-4,170,Arizona,USA,Undrafted,Undrafted,Undrafted,1,0,0,0,66.7,0.00%,0.00%,0.00%,0.00%,0.00%
Kris Dunn,CHI,25,6-4,205,Providence,USA,2016,1,5,46,11.3,4.1,6,-7.6,1.30%,11.90%,19.80%,48.40%,29.00%
Marcus Smart,BOS,25,6-4,220,Oklahoma State,USA,2014,1,6,80,8.9,2.9,4,3.8,2.50%,7.70%,14.40%,56.80%,19.00%
Markelle Fultz,ORL,21,6-4,200,Washington,USA,2017,1,1,19,8.2,3.7,3.1,-0.4,5.60%,8.80%,18.90%,45.20%,21.20%
Matthew Dellavedova,CLE,28,6-4,200,St.Mary's College of California,Australia,Undrafted,Undrafted,Undrafted,48,5.9,1.6,3.8,-3.7,0.70%,8.10%,17.30%,53.20%,32.90%
Naz Mitrou-Long,UTA,25,6-4,218,Iowa State,Canada,Undrafted,Undrafted,Undrafted,14,1.1,0.4,1.1,-21.2,1.10%,5.70%,13.90%,38.30%,25.00%
Norman Powell,TOR,26,6-4,215,UCLA,USA,2015,2,46,60,8.6,2.3,1.5,0.3,1.30%,10.20%,18.20%,59.60%,11.90%
Pat Connaughton,MIL,26,6-4,209,Notre Dame,USA,2015,2,41,61,6.9,4.2,2,5,4.60%,13.50%,13.00%,57.30%,12.80%
Ricky Rubio,UTA,28,6-4,190,None,Spain,2009,1,5,68,12.7,3.6,6.1,6.3,1.70%,10.70%,22.10%,52.00%,31.30%
Rodney McGruder,LAC,27,6-4,200,Kansas State,USA,Undrafted,Undrafted,Undrafted,66,7.6,3.6,1.7,-1.4,3.50%,10.60%,14.70%,51.00%,10.30%
Ron Baker,WAS,26,6-4,220,Wichita State,USA,Undrafted,Undrafted,Undrafted,15,0.9,0.7,1,-5.2,0.60%,6.90%,7.50%,30.90%,13.90%
Shaquille Harrison,CHI,25,6-4,190,Tulsa,USA,Undrafted,Undrafted,Undrafted,73,6.5,3,1.9,-10.2,2.20%,13.20%,16.00%,49.40%,14.20%
Troy Caupain,ORL,23,6-4,210,Cincinnati,USA,Undrafted,Undrafted,Undrafted,4,2.5,0.8,1,25,7.10%,15.40%,21.60%,62.50%,40.00%
Troy Daniels,PHX,27,6-4,205,Va Commonwealth,USA,Undrafted,Undrafted,Undrafted,51,6.2,1.4,0.5,-6.4,1.60%,7.90%,17.10%,55.80%,5.20%
Tyler Johnson,PHX,27,6-4,190,Fresno State,USA,Undrafted,Undrafted,Undrafted,57,10.9,3,2.9,-4,2.10%,8.70%,18.00%,53.20%,16.50%
Victor Oladipo,IND,27,6-4,210,Indiana,USA,2013,1,2,36,18.8,5.6,5.2,5.6,1.80%,15.40%,27.80%,51.90%,25.00%
Wade Baldwin IV,POR,23,6-4,200,Vanderbilt,USA,2016,1,17,16,1.9,0.9,0.8,-36.8,1.80%,12.30%,22.70%,39.60%,24.00%
Zach Lofton,DET,26,6-4,180,New Mexico State,USA,Undrafted,Undrafted,Undrafted,1,0,0,0,0,0.00%,0.00%,25.00%,0.00%,0.00%
Zhaire Smith,PHI,20,6-4,199,Texas Tech,USA,2018,1,16,6,6.7,2.2,1.7,7.3,2.80%,8.70%,16.60%,53.30%,10.10%
Andre Ingram,LAL,33,6-3,190,American,USA,Undrafted,Undrafted,Undrafted,4,0,0.5,0,9.6,5.90%,5.30%,18.40%,0.00%,0.00%
Brandon Knight,CLE,27,6-3,195,Kentucky,USA,2011,1,8,39,6.8,1.5,1.8,-12,1.20%,7.00%,17.80%,48.40%,14.70%
Bryn Forbes,SAS,25,6-3,190,Michigan State,USA,Undrafted,Undrafted,Undrafted,82,11.8,2.9,2.1,-0.3,0.80%,9.60%,17.10%,58.60%,10.50%
CJ McCollum,POR,27,6-3,190,Lehigh,USA,2013,1,10,70,21,4,3,6.5,2.50%,8.70%,24.80%,55.30%,13.30%
Cameron Payne,CLE,24,6-3,190,Murray State,USA,2015,1,14,40,6.3,1.8,2.7,-15.2,1.70%,8.30%,16.90%,51.90%,22.50%
Cory Joseph,IND,27,6-3,193,Texas-Austin,Canada,2011,1,29,82,6.5,3.4,3.9,5.2,1.90%,11.10%,13.40%,47.40%,20.80%
Damian Lillard,POR,28,6-3,195,Weber State,USA,2012,1,6,80,25.8,4.6,6.9,8.2,2.30%,10.00%,28.10%,58.80%,29.90%
Daryl Macon,DAL,23,6-3,185,Arkansas,USA,2018,,,8,3.6,1.5,0.9,-2.1,1.90%,9.90%,16.70%,48.20%,12.30%
De'Aaron Fox,SAC,21,6-3,175,Kentucky,USA,2017,1,5,81,17.3,3.8,7.3,0.9,1.50%,9.50%,23.80%,54.40%,32.20%
Dennis Smith Jr.,NYK,21,6-3,195,North Carolina State,USA,2017,1,9,53,13.6,2.9,4.8,-5.3,2.00%,7.50%,24.20%,50.20%,27.80%
Derrick Rose,MIN,30,6-3,200,Memphis,USA,2008,1,1,51,18,2.7,4.3,0.7,2.20%,7.00%,26.10%,55.70%,24.40%
Devin Harris,DAL,36,6-3,185,Wisconsin,USA,2004,1,5,68,6.3,1.6,1.8,-4.2,1.00%,9.00%,18.00%,52.70%,17.20%
Donovan Mitchell,UTA,22,6-3,215,Louisville,USA,2017,1,13,77,23.8,4.1,4.2,6.8,2.20%,9.30%,30.90%,53.70%,20.90%
Elie Okobo,PHX,21,6-3,190,None,France,2018,2,31,53,5.7,1.8,2.4,-9.9,1.20%,9.20%,16.80%,48.90%,19.80%
Frank Jackson,NOP,21,6-3,205,Duke,USA,2017,2,31,61,8.1,2.2,1.1,-5,1.90%,8.50%,17.80%,51.70%,8.00%
Gary Payton II,WAS,26,6-3,190,Oregon State,USA,Undrafted,Undrafted,Undrafted,3,3.7,0.7,1.3,25.8,6.70%,5.00%,21.40%,68.80%,33.30%
George Hill,MIL,33,6-3,188,Indiana-Purdue Indianapolis,USA,2008,1,26,60,7.6,2.5,2.3,5.6,2.80%,7.50%,14.70%,55.40%,14.60%
Goran Dragic,MIA,33,6-3,190,None,Slovenia,2008,2,45,36,13.7,3.1,4.8,1.3,1.90%,8.70%,22.40%,51.70%,25.90%
Ian Clark,NOP,28,6-3,175,Belmont,USA,Undrafted,Undrafted,Undrafted,60,6.7,1.5,1.6,-3.4,1.20%,7.10%,18.50%,50.20%,13.20%
Isaiah Briscoe,ORL,23,6-3,215,Kentucky,USA,Undrafted,Undrafted,Undrafted,39,3.5,1.9,2.2,2,0.80%,11.10%,13.90%,45.50%,22.60%
Jalen Brunson,DAL,22,6-3,190,Villanova,USA,2018,2,33,73,9.3,2.3,3.2,-2.8,1.50%,8.70%,18.60%,54.90%,22.30%
Jared Terrell,MIN,24,6-3,227,Rhode Island,USA,Undrafted,Undrafted,Undrafted,14,2.2,0.4,0.9,-12.3,0.80%,4.40%,19.70%,37.20%,18.20%
Jeremy Lin,TOR,30,6-3,200,Harvard,USA,Undrafted,Undrafted,Undrafted,74,9.6,2.4,3.1,-5.1,1.40%,10.20%,21.30%,55.80%,24.90%
Jerryd Bayless,MIN,30,6-3,200,Arizona,USA,2008,1,11,34,6.1,1.8,3.5,-12.4,1.50%,8.00%,17.20%,43.10%,26.20%
Joe Chealey,CHA,23,6-3,190,College of Charleston,USA,2018,,,1,2,0,1,-25.8,0.00%,0.00%,17.60%,33.30%,25.00%
Jose Calderon,DET,37,6-3,200,None,Spain,Undrafted,Undrafted,Undrafted,49,2.3,1.2,2.3,-14,1.50%,7.80%,10.40%,45.30%,28.20%
Kadeem Allen,NYK,26,6-3,200,Arizona,USA,2017,2,53,19,9.9,2.7,4,-4.3,1.90%,10.00%,19.50%,57.40%,27.70%
Khyri Thomas,DET,23,6-3,210,Creighton,USA,2018,2,38,26,2.3,0.8,0.3,-8,1.70%,8.20%,15.80%,41.30%,6.70%
Kyrie Irving,BOS,27,6-3,193,Duke,Australia,2011,1,1,67,23.8,5,6.9,6.2,3.10%,11.30%,28.60%,59.20%,33.00%
Malik Monk,CHA,21,6-3,200,Kentucky,USA,2017,1,11,73,8.9,1.9,1.6,-2.7,1.20%,9.50%,23.60%,51.80%,14.30%
Monte Morris,DEN,24,6-3,175,Iowa State,USA,2017,2,51,82,10.4,2.4,3.6,4.3,1.70%,7.80%,16.80%,57.70%,22.10%
Reggie Jackson,DET,29,6-3,208,Boston College,USA,2011,1,24,82,15.4,2.6,4.2,0.5,1.90%,7.60%,23.70%,54.70%,24.10%
Russell Westbrook,OKC,30,6-3,200,UCLA,USA,2008,1,4,73,22.9,11.1,10.7,5,3.60%,25.50%,30.10%,50.10%,44.00%
Ryan Arcidiacono,CHI,25,6-3,200,Villanova,USA,Undrafted,Undrafted,Undrafted,81,6.7,2.7,3.3,-5.8,1.30%,9.60%,11.70%,58.80%,19.10%
Shelvin Mack,CHA,29,6-3,203,Butler,USA,2011,2,34,57,7.5,1.8,3.2,-9.1,1.40%,6.90%,17.90%,48.90%,24.10%
Stephen Curry,GSW,31,6-3,190,Davidson,USA,2009,1,7,69,27.3,5.3,5.2,13.7,2.00%,12.20%,29.20%,64.10%,22.50%
Walt Lemon Jr.,CHI,26,6-3,180,Bradley,USA,2014,,,6,14.3,4.5,5,-7.8,2.10%,13.60%,25.30%,46.80%,28.30%
Avery Bradley,MEM,28,6-2,180,Texas-Austin,USA,2010,1,19,63,9.9,2.8,2.4,-1.5,2.20%,6.50%,16.00%,49.60%,11.40%
Brandon Goodwin,DEN,23,6-2,180,Florida Gulf Coast,USA,Undrafted,Undrafted,Undrafted,16,1.4,0.2,0.9,8,1.60%,3.80%,22.00%,41.30%,29.80%
Chasson Randle,WAS,26,6-2,185,Stanford,USA,2015,,,49,5.5,1.1,2,-5.8,1.30%,6.20%,16.00%,55.50%,18.20%
Collin Sexton,CLE,20,6-2,190,Alabama,USA,2018,1,8,82,16.7,2.9,3,-12.5,2.10%,7.20%,24.70%,52.00%,15.40%
Devonte' Graham,CHA,24,6-2,185,Kansas,USA,2018,2,34,46,4.7,1.4,2.6,-7.3,1.30%,7.80%,16.60%,45.90%,26.60%
Jaylen Adams,ATL,23,6-2,190,St. Bonaventure,USA,Undrafted,Undrafted,Undrafted,34,3.2,1.8,1.9,-6.5,2.20%,10.90%,13.10%,47.40%,20.10%
Jeff Teague,MIN,31,6-2,195,Wake Forest,USA,2009,1,19,42,12.1,2.5,8.2,-0.1,1.20%,6.70%,18.60%,52.80%,36.60%
Jevon Carter,MEM,23,6-2,196,West Virginia,USA,2018,2,32,39,4.4,1.7,1.8,-6.8,2.30%,9.00%,17.20%,43.20%,18.40%
Jimmer Fredette,PHX,30,6-2,195,Brigham Young,USA,2011,1,10,6,3.7,1.2,1.3,-25.5,1.30%,8.80%,24.20%,34.80%,20.00%
Langston Galloway,DET,27,6-2,200,St. Joseph's (PA),USA,Undrafted,Undrafted,Undrafted,80,8.4,2.1,1.1,0.1,2.50%,7.00%,15.30%,53.40%,7.20%
Quinn Cook,GSW,26,6-2,179,Duke,USA,Undrafted,Undrafted,Undrafted,74,6.9,2.1,1.6,-6.3,2.10%,12.30%,20.00%,56.50%,16.70%
Seth Curry,POR,28,6-2,185,Duke,USA,Undrafted,Undrafted,Undrafted,74,7.9,1.6,0.9,4.3,1.90%,6.20%,16.40%,59.50%,6.80%
T.J. McConnell,PHI,27,6-2,190,Arizona,USA,2015,0,,76,6.4,2.3,3.4,-0.7,1.80%,9.40%,14.80%,55.50%,24.90%
Tony Parker,CHA,37,6-2,185,None,France,2001,1,28,56,9.5,1.5,3.7,-0.1,1.30%,6.70%,24.70%,51.20%,33.10%
Trae Young,ATL,20,6-2,180,Oklahoma,USA,2018,1,5,81,19.1,3.7,8.1,-6.3,2.40%,9.10%,27.70%,53.90%,39.00%
Trevon Duval,HOU,20,6-2,189,Duke,USA,Undrafted,Undrafted,Undrafted,3,1.7,0.3,0.7,7.7,0.00%,20.00%,23.10%,83.30%,66.70%
Tyus Jones,MIN,23,6-2,196,Duke,USA,2015,1,24,68,6.9,2,4.8,-0.3,1.40%,6.90%,13.90%,49.10%,28.40%
Aaron Holiday,IND,22,6-1,185,UCLA,USA,2018,1,23,50,5.9,1.3,1.7,7,0.80%,8.80%,20.60%,51.80%,18.00%
Demetrius Jackson,PHI,24,6-1,201,Notre Dame,USA,2016,2,45,6,3.7,0.5,0.8,-14.8,4.50%,2.40%,18.20%,65.60%,18.50%
Dennis Schroder,OKC,25,6-1,172,None,Germany,2013,1,17,79,15.5,3.6,4.1,3.6,1.50%,10.20%,23.80%,50.80%,20.90%
Eric Bledsoe,MIL,29,6-1,205,Kentucky,USA,2010,1,18,78,15.9,4.6,5.5,11.1,3.50%,10.80%,22.50%,57.70%,26.00%
Kalin Lucas,DET,30,6-1,195,Michigan State,USA,Undrafted,Undrafted,Undrafted,1,2,3,1,-25,0.00%,50.00%,15.40%,53.20%,50.00%
Kemba Walker,CHA,29,6-1,184,Connecticut,USA,2011,1,9,82,25.6,4.4,5.9,0.4,1.70%,10.60%,30.80%,55.80%,28.70%
Kyle Lowry,TOR,33,6-1,196,Villanova,USA,2006,1,24,65,14.2,4.8,8.7,10.7,1.90%,11.40%,19.10%,56.20%,32.90%
Lou Williams,LAC,32,6-1,175,None,USA,2005,2,45,75,20,3,5.4,3.9,1.90%,8.10%,30.80%,55.40%,31.80%
Mike Conley,MEM,31,6-1,175,Ohio State,USA,2007,1,4,70,21.1,3.4,6.4,0.7,1.70%,8.80%,26.20%,56.90%,32.70%
Patrick Beverley,LAC,30,6-1,185,Arkansas,USA,2009,2,42,78,7.6,5,3.8,4,3.50%,13.50%,12.00%,56.10%,18.30%
Rajon Rondo,LAL,33,6-1,186,Kentucky,USA,2006,1,21,46,9.2,5.3,8,-8.6,2.30%,14.20%,17.20%,47.30%,36.00%
Raul Neto,UTA,27,6-1,179,None,Brazil,2013,2,47,37,5.3,1.7,2.5,17.5,1.40%,10.50%,18.40%,55.80%,25.10%
Raymond Felton,OKC,35,6-1,205,North Carolina,USA,2005,1,5,33,4.3,1,1.6,2.6,0.90%,7.40%,16.50%,50.50%,20.90%
Scott Machado,LAL,29,6-1,205,Iona,USA,Undrafted,Undrafted,Undrafted,4,2.5,0,0.8,0,0.00%,0.00%,13.00%,77.60%,21.40%
Shabazz Napier,BKN,27,6-1,180,Connecticut,USA,2014,1,24,56,9.4,1.8,2.6,1.3,1.70%,7.90%,23.40%,53.40%,23.50%
Terry Rozier,BOS,25,6-1,190,Louisville,USA,2015,1,16,79,9,3.9,2.9,-1.1,1.60%,14.50%,18.10%,50.10%,19.30%
Tim Frazier,MIL,28,6-1,170,Penn State,USA,Undrafted,Undrafted,Undrafted,59,5.3,2.8,4.2,-2.7,3.50%,10.60%,13.20%,54.40%,28.60%
Trey Burke,DAL,26,6-1,175,Michigan,USA,2013,1,9,58,10.9,1.7,2.7,-1.5,2.30%,5.90%,24.20%,52.40%,22.90%
Chris Chiozza,HOU,23,6-0,175,Florida,USA,Undrafted,Undrafted,Undrafted,7,0.9,0.6,0.6,-25,2.10%,11.10%,10.80%,37.50%,19.00%
Chris Paul,HOU,34,6-0,175,Wake Forest,USA,2005,1,4,58,15.6,4.6,8.2,8.3,1.90%,12.30%,22.00%,56.00%,38.20%
D.J. Augustin,ORL,31,6-0,183,Texas-Austin,USA,2008,1,9,81,11.7,2.5,5.3,3.2,1.80%,7.10%,16.90%,61.60%,25.80%
Darren Collison,IND,31,6-0,175,UCLA,USA,2009,1,21,76,11.2,3.1,6,2.2,1.70%,8.90%,17.60%,57.40%,30.20%
Fred VanVleet,TOR,25,6-0,195,Wichita State,USA,Undrafted,Undrafted,Undrafted,64,11,2.6,4.8,8.1,1.20%,7.80%,17.70%,53.90%,24.30%
Isaiah Canaan,MIL,28,6-0,200,Murray State,USA,2013,2,34,30,6,1.9,2.8,-12.3,1.00%,8.60%,14.70%,51.80%,19.40%
Ish Smith,DET,30,6-0,175,Wake Forest,USA,Undrafted,Undrafted,Undrafted,56,8.9,2.6,3.6,2.7,1.70%,9.70%,19.30%,48.50%,24.30%
J.J. Barea,DAL,35,6-0,185,Northeastern,Puerto Rico,Undrafted,Undrafted,Undrafted,38,10.9,2.5,5.6,3.2,1.60%,10.60%,26.30%,49.50%,45.40%
Jawun Evans,OKC,22,6-0,190,Oklahoma State,USA,2017,2,39,8,0.8,1.5,1.3,-38,1.50%,17.20%,14.20%,21.40%,23.80%
Patty Mills,SAS,30,6-0,180,St.Mary's College of California,Australia,2009,2,55,82,9.9,2.2,3,4.5,1.20%,7.60%,17.50%,57.20%,17.40%
Yogi Ferrell,SAC,26,6-0,180,Indiana,USA,Undrafted,Undrafted,Undrafted,71,5.9,1.5,1.9,-2.6,1.10%,8.50%,16.00%,55.00%,17.60%
Frank Mason III,SAC,25,5-11,190,Kansas,USA,2017,2,34,38,5.1,1.1,2.2,-14.5,1.30%,8.30%,21.30%,50.20%,28.00%
Tyler Ulis,CHI,23,5-10,160,Kentucky,USA,2016,2,34,1,0,0,0,0,0.00%,0.00%,0.00%,0.00%,0.00%
Isaiah Thomas,DEN,30,5-9,185,Washington,USA,2011,2,60,12,8.1,1.1,1.9,-5.5,2.30%,4.00%,27.40%,43.70%,19.80%